ingredient_name,time_stamp,product_title,price,unit,measure,unit_price,badage_rocket,url,image
* 감자전분(물전분),2024-08-01 20:05:26,"곰곰 감자전분, 1kg, 1개",4390,100,g,439,로켓배송,https://www.coupang.com/vp/products/7522733692?itemId=19733882650&vendorItemId=86837741791,https://thumbnail6.coupangcdn.com/thumbnails/remote/230x230ex/image/retail/images/1852597268171107-c6ccc49f-9e60-40bc-8555-646c8c49e8b2.jpg
* 고추기름,2024-08-01 20:05:27,"오쉐프 고추맛기름, 13개, 15L",1890100,100,ml,969,,https://www.coupang.com/vp/products/7739315367?itemId=23326302214&vendorItemId=90358072247,https://thumbnail9.coupangcdn.com/thumbnails/remote/230x230ex/image/vendor_inventory/e7a8/5569a7cfa14657076b8819925433cc0ea3e02673699ef01502944ce9c750.png
* 굴소스,2024-08-01 20:05:28,"이금기 팬더 굴소스 파우치, 2kg, 6개",54600,100,g,455,로켓배송,https://www.coupang.com/vp/products/8135376713?itemId=23108714254&vendorItemId=90141977043,https://thumbnail10.coupangcdn.com/thumbnails/remote/230x230ex/image/retail/images/5f26bb25-d6f5-4caa-95e5-2303bc3d0c35167290093199916655.png
* 다진마늘,2024-08-01 20:05:30,"농우 간편 뚝딱 다진마늘 (냉동), 1kg, 10팩",34750,10,g,35,로켓배송,https://www.coupang.com/vp/products/6012228407?itemId=19225414884&vendorItemId=86342063454,https://thumbnail6.coupangcdn.com/thumbnails/remote/230x230ex/image/retail/images/d09d7be3-ca4c-414f-bca0-9f05c16dfabf5132958662430446121.png
* 대파,2024-08-01 20:05:31,"하늘푸드 (10kg) 수입 대파 깐대파 손질대파 식자재, 1. (10kg/Box) 상품 신선대파, 1개",24000,100,g,240,,https://www.coupang.com/vp/products/7777089811?itemId=21011062691&vendorItemId=88074628457,https://thumbnail7.coupangcdn.com/thumbnails/remote/230x230ex/image/vendor_inventory/3479/e5ca22145ad0665ed3a47d075c23df0605aa6711482519f16b55b3a8628e.jpg
* 대파(흰대부분),2024-08-01 20:05:32,"하늘푸드 (10kg) 수입 대파 깐대파 손질대파 식자재, 1. (10kg/Box) 상품 신선대파, 1개",24000,100,g,240,,https://www.coupang.com/vp/products/7777089811?itemId=21011062691&vendorItemId=88074628457,https://thumbnail7.coupangcdn.com/thumbnails/remote/230x230ex/image/vendor_inventory/3479/e5ca22145ad0665ed3a47d075c23df0605aa6711482519f16b55b3a8628e.jpg
* 들기름,2024-08-01 20:05:33,"해표 참진한 들기름, 3.2L, 12개",1385820,10,ml,361,,https://www.coupang.com/vp/products/14048?itemId=23230142584&vendorItemId=90262608322,https://thumbnail8.coupangcdn.com/thumbnails/remote/230x230ex/image/vendor_inventory/d68c/1848063e1fa229af0a142a9dedd635c1a67e4992cfdbdbc1cb7083a1a5fb.png
* 마늘,2024-08-01 20:05:34,"남해섬 통흑마늘 1kg, 1개",44500,10,g,445,,https://www.coupang.com/vp/products/177449501?itemId=507466434&vendorItemId=4301087490,https://thumbnail9.coupangcdn.com/thumbnails/remote/230x230ex/image/vendor_inventory/24c5/2e7e8e60685b0bd505c2f68431f03c5c09a4e2ef00e4a80cfeb12b99b2e5.jpg
* 맛술,2024-08-01 20:05:36,"오뚜기 미향, 18L, 1개",27410,10,ml,15,로켓배송,https://www.coupang.com/vp/products/739286?itemId=927892383&vendorItemId=70181061340,https://thumbnail6.coupangcdn.com/thumbnails/remote/230x230ex/image/retail/images/2020/01/21/16/6/64ae3171-7692-4e02-be8b-7bf64d30f881.jpg
* 물,2024-08-01 20:05:37,"탐사수 무라벨, 2L, 30개",15290,100,ml,25,로켓배송,https://www.coupang.com/vp/products/5625704601?itemId=13430253618&vendorItemId=80771756696,https://thumbnail6.coupangcdn.com/thumbnails/remote/230x230ex/image/retail/images/1299257297593781-973ae0d8-4990-405e-9301-cf36ef543da0.jpg
* 백설탕,2024-08-01 20:05:38,"큐원 하얀 설탕, 15kg, 1개",23800,100,g,159,로켓배송,https://www.coupang.com/vp/products/7038366494?itemId=17397481100&vendorItemId=84566939097,https://thumbnail7.coupangcdn.com/thumbnails/remote/230x230ex/image/retail/images/1150455489522113-a56336d3-5f99-4469-8457-4aedb5e93eff.jpg
* 새송이버섯,2024-08-01 20:05:39,"[KIRIN]친환경 뿌리손질 새송이버섯, 2개, 2kg",15560,100,g,389,,https://www.coupang.com/vp/products/8066169963?itemId=23520495262&vendorItemId=90546843326,https://thumbnail8.coupangcdn.com/thumbnails/remote/230x230ex/image/vendor_inventory/6152/275c4781167a7a828dcf89a33863d5625e02652cd786673568e699906c30.jpg
* 생강(마늘크기),2024-08-01 20:05:41,"곰곰 짜서쓰는 다진 생강, 300g, 1개",7970,10,g,266,로켓배송,https://www.coupang.com/vp/products/6036807341?itemId=11024361747&vendorItemId=78303952945,https://thumbnail6.coupangcdn.com/thumbnails/remote/230x230ex/image/retail/images/1278105909869753-42850957-1f5a-44a7-be06-06b809bd0c39.jpg
* 설탕,2024-08-01 20:05:42,"큐원 갈색설탕 3키로 8입(한포대), 24kg, 21개",1824480,100,g,362,,https://www.coupang.com/vp/products/2146550469?itemId=22278857392&vendorItemId=89324468685,https://thumbnail10.coupangcdn.com/thumbnails/remote/230x230ex/image/vendor_inventory/37d7/798730701afeeddb4aafb3cc098f45982fce1da1d2f71e13f3ac1c5de815.png
* 소고기 갈비살,2024-08-01 20:05:43,"미트지엥 호주산 곡물비육 갈비살 구이 400g (냉장), 1개",13520,100,g,3380,로켓배송,https://www.coupang.com/vp/products/6130949699?itemId=11691250017&vendorItemId=78965579532,https://thumbnail7.coupangcdn.com/thumbnails/remote/230x230ex/image/retail/images/1765319492056721-0f06779f-6b4b-4f3f-ba6d-90fdfffee730.jpg
* 소금,2024-08-01 20:05:44,"식용 정제염 한주 본소금 대체상품 연수기 식기세척기 중국산 정제소금, 20kg, 1개",14500,100,g,73,,https://www.coupang.com/vp/products/7677694040?itemId=18784998287&vendorItemId=89569381364,https://thumbnail6.coupangcdn.com/thumbnails/remote/230x230ex/image/vendor_inventory/4d94/27af717f88732ca1cd815c09443b2fe28fc3a6ec1fbd6a5371544fdc220d.jpg
* 쇠고기 민찌,2024-08-01 20:05:45,"곰곰 한돈 뒷다리살 다짐육 (냉장), 1kg, 1팩",10420,100,g,1042,로켓배송,https://www.coupang.com/vp/products/1519590114?itemId=17234175547&vendorItemId=84405838949,https://thumbnail6.coupangcdn.com/thumbnails/remote/230x230ex/image/retail/images/5909007083728532-558071c2-751a-4779-b722-8b0595c2444a.jpg
* 슬라이스 아몬드,2024-08-01 20:05:46,"넛츠피아 아몬드 슬라이스 1kg 123040, 1개",26700,10,g,267,,https://www.coupang.com/vp/products/8225809085?itemId=23656167710&vendorItemId=90681509236,https://thumbnail9.coupangcdn.com/thumbnails/remote/230x230ex/image/vendor_inventory/2dfc/34cc6a33f83a433772c4a51e83299f64c257fd66316f57ae65f94ab57776.jpg
* 식용유,2024-08-01 20:05:48,"오뚜기 콩기름, 1개, 18L",45940,100,ml,255,,https://www.coupang.com/vp/products/8024058971?itemId=17013740063&vendorItemId=89491301424,https://thumbnail8.coupangcdn.com/thumbnails/remote/230x230ex/image/vendor_inventory/318b/fd7e47906e690db8477d230e4c5111ffba93f23065db3a910ea6c46ca354.png
* 양파,2024-08-01 20:05:49,"[국내산 양파] 햇양파 무안양파 5kg 10kg 20kg 신선도보장, 대중소 혼합 x 15kg, 1개",17900,100,g,119,,https://www.coupang.com/vp/products/8213772772?itemId=23585402188&vendorItemId=90611284556,https://thumbnail7.coupangcdn.com/thumbnails/remote/230x230ex/image/vendor_inventory/3bfc/e93a36fcaf645d34bec26c510217630c6075780fae51cc875147a501d9f8.jpg
* 연겨자,2024-08-01 20:05:50,"오뚜기 연겨자, 35g, 1개",1280,10,g,366,로켓배송,https://www.coupang.com/vp/products/7510801513?itemId=19679346153&vendorItemId=86784754030,https://thumbnail10.coupangcdn.com/thumbnails/remote/230x230ex/image/retail/images/4174793916444603-0eff57ce-1f75-42c7-a440-fbb2118967b0.jpg
* 올리고당,2024-08-01 20:05:51,"청정원 요리올리고당, 3.6kg, 3개",66080,100,g,612,,https://www.coupang.com/vp/products/96553?itemId=23148082736&vendorItemId=90180934718,https://thumbnail8.coupangcdn.com/thumbnails/remote/230x230ex/image/vendor_inventory/ec5f/20adac4471dea7bc8729e7a485c5c1eebfc082924f5829e2ade0a30535f4.PNG
* 잔멸치,2024-08-01 20:05:52,"신건호멸치 볶음용 세세멸치 / 어린이멸치 잔멸치, 1개, 1.5kg",27900,10,g,186,,https://www.coupang.com/vp/products/58889694?itemId=203972992&vendorItemId=3483397252,https://thumbnail9.coupangcdn.com/thumbnails/remote/230x230ex/image/vendor_inventory/4895/4cc343f967949239ff87251c34252199e8aa946f2ccbcdcddf39f5f5076c.jpg
* 전분푼물,2024-08-01 20:05:53,"에콘스 PLA 일회용 스푼, 50개입, 1개",4900,1,개입,98,로켓배송,https://www.coupang.com/vp/products/5766591566?itemId=9784036060&vendorItemId=77067982615,https://thumbnail8.coupangcdn.com/thumbnails/remote/230x230ex/image/retail/images/2021/07/01/10/1/940258de-cb5c-4e78-bba4-91184e5743f6.jpg
* 조청,2024-08-01 20:05:54,"조청쌀엿 9kg 쌀 조청, 1개",18980,100,g,211,,https://www.coupang.com/vp/products/185474179?itemId=20142461560&vendorItemId=4381601094,https://thumbnail6.coupangcdn.com/thumbnails/remote/230x230ex/image/vendor_inventory/images/2019/02/13/16/7/a0b1ec8f-70ca-4b99-8c35-7136881fdcd1.jpg
* 조청쌀엿,2024-08-01 20:05:55,"조청쌀엿 9kg 쌀 조청, 1개",18980,100,g,211,,https://www.coupang.com/vp/products/185474179?itemId=20142461560&vendorItemId=4381601094,https://thumbnail6.coupangcdn.com/thumbnails/remote/230x230ex/image/vendor_inventory/images/2019/02/13/16/7/a0b1ec8f-70ca-4b99-8c35-7136881fdcd1.jpg
* 진/양조간장,2024-08-01 20:05:56,"샘표 양조간장 501, 5L, 1개",21390,100,ml,428,로켓배송,https://www.coupang.com/vp/products/6091708833?itemId=22955501347&vendorItemId=3008200207,https://thumbnail8.coupangcdn.com/thumbnails/remote/230x230ex/image/retail/images/817731264289348-ed84b024-bbe8-478e-b015-f9852d506496.png
* 진간장,2024-08-01 20:05:57,"샘표 진간장 금F-3 1.7L+( 500ml 3개) 3.2L 1세트, 4개",112100,,,999999999,,https://www.coupang.com/vp/products/7235302196?itemId=19923013756&vendorItemId=87108405807,https://thumbnail8.coupangcdn.com/thumbnails/remote/230x230ex/image/vendor_inventory/4837/04352f6a6a39309f84d15c81100e5de92670095d056ebf271b8d19f89a8f.jpg
* 참기름,2024-08-01 20:05:58,"해표 딱 한번 짠 고소한 참기름, 3L, 30개",1588490,10,ml,176,,https://www.coupang.com/vp/products/5809540282?itemId=23186107338&vendorItemId=90218779131,https://thumbnail6.coupangcdn.com/thumbnails/remote/230x230ex/image/vendor_inventory/382b/53481befe239b979c4e1724dff57c95295b282245dd13ad1d79e65cbda03.png
* 청양고추,2024-08-01 20:05:59,"클릭마켓 국내산 반홍 청양고추 10kg 청량고추, 1개",38000,100,g,380,,https://www.coupang.com/vp/products/7830241186?itemId=23519745388&vendorItemId=88354374114,https://thumbnail8.coupangcdn.com/thumbnails/remote/230x230ex/image/vendor_inventory/ac2d/6513f2992869f328676608e8bd8bf9590ec694d153547be1f49bdb7d5ffa.jpg
* 통깨,2024-08-01 20:06:01,"오리지널그레인 볶은 통참깨, 2kg, 1개",17980,100,g,899,로켓배송,https://www.coupang.com/vp/products/7574514650?itemId=17716327048&vendorItemId=84881175299,https://thumbnail10.coupangcdn.com/thumbnails/remote/230x230ex/image/retail/images/766316930514427-fac38c83-125d-4d65-b995-c48d45e9ee71.jpg
* 통마늘,2024-08-01 20:06:02,"국내산 깐마늘, 2kg, 1봉",15900,100,g,795,로켓배송,https://www.coupang.com/vp/products/7703778496?itemId=20632961263&vendorItemId=87706928375,https://thumbnail10.coupangcdn.com/thumbnails/remote/230x230ex/image/retail/images/1659176625751720-18ddf67d-d23a-4b43-bce2-752d7461e2dc.jpg
* 판두부,2024-08-01 20:06:03,"곰곰 콩두부, 500g, 4개",6000,100,g,300,로켓배송,https://www.coupang.com/vp/products/1275124810?itemId=19223694299&vendorItemId=86340379393,https://thumbnail7.coupangcdn.com/thumbnails/remote/230x230ex/image/retail/images/1257501757453332-cf07fdcd-8c0e-4225-bc63-4f6a40e87b88.jpg
* 홍고추,2024-08-01 20:06:04,"국내산 홍고추 10kg, 1개",39800,100,g,398,,https://www.coupang.com/vp/products/6659550520?itemId=15282794683&vendorItemId=82503281334,https://thumbnail8.coupangcdn.com/thumbnails/remote/230x230ex/image/vendor_inventory/fb76/8f582aad8976ad77dbc484d7f1c858686f8cdd599ef24305265d3e7dbfd0.jpg
* 후추,2024-08-01 20:06:05,"오뚜기 순후추, 225g, 5개",115810,10,g,1029,,https://www.coupang.com/vp/products/6514381325?itemId=23160419959&vendorItemId=90193212426,https://thumbnail6.coupangcdn.com/thumbnails/remote/230x230ex/image/vendor_inventory/3210/9c0b552a5d43b9bada61878b96b941f00f746dcff116a26decfb2b290055.png
- 간장,2024-08-01 20:06:06,"청정원 햇살담은 진간장 골드, 13L, 1개",19190,100,ml,148,로켓배송,https://www.coupang.com/vp/products/7123565492?itemId=3524898902&vendorItemId=71510971621,https://thumbnail6.coupangcdn.com/thumbnails/remote/230x230ex/image/retail/images/2020/09/07/13/5/2c9b7614-a770-449c-b213-e2ac5152fd02.jpg
- 고추가루,2024-08-01 20:06:07,"곰곰 고춧가루, 1kg, 1개",11790,100,g,1179,로켓배송,https://www.coupang.com/vp/products/8121208984?itemId=23036516271&vendorItemId=90070253383,https://thumbnail9.coupangcdn.com/thumbnails/remote/230x230ex/image/retail/images/223932723833073-f0b4a2f0-9990-46d4-be97-df539c527a99.jpg
- 고추장,2024-08-01 20:06:08,"해표 순창궁 초고추장, 56kg, 13개",2165790,100,g,297,,https://www.coupang.com/vp/products/8072728579?itemId=23204005196&vendorItemId=90236558305,https://thumbnail8.coupangcdn.com/thumbnails/remote/230x230ex/image/vendor_inventory/97ce/47c7fd52b4ac21e239da1bfaf103fe165a95e4925450b0a05fe32b281856.png
- 국간장,2024-08-01 20:06:09,"삼화 맑은국간장, 13L, 1개",20600,100,ml,158,로켓배송,https://www.coupang.com/vp/products/8168621270?itemId=19150812639&vendorItemId=3019347805,https://thumbnail6.coupangcdn.com/thumbnails/remote/230x230ex/image/retail/images/2405549961017251-f6426c73-24f4-4173-82dc-5a7fa67e66c5.jpg
- 깨,2024-08-01 20:06:11,"23년 수입 참깨 2kg(1kgx2) 생참깨 생깨 통깨, 23년 수입 생 흑임자 700g / 소용량 검은깨, 2개, 1kg",16700,100,g,835,,https://www.coupang.com/vp/products/8070478833?itemId=22714607086&vendorItemId=90795409400,https://thumbnail6.coupangcdn.com/thumbnails/remote/230x230ex/image/vendor_inventory/a242/a4d34fdfc70918759453e0963bd2b3367e4a4df0d64df541f69d7b599926.jpg
- 다진마늘,2024-08-01 20:06:12,"농우 간편 뚝딱 다진마늘 (냉동), 1kg, 10팩",34750,10,g,35,로켓배송,https://www.coupang.com/vp/products/6012228407?itemId=19225414884&vendorItemId=86342063454,https://thumbnail6.coupangcdn.com/thumbnails/remote/230x230ex/image/retail/images/d09d7be3-ca4c-414f-bca0-9f05c16dfabf5132958662430446121.png
- 당근,2024-08-01 20:06:13,"당근 햇당근 제주 구좌당근 2kg 3kg 5kg, 혼합(3kg), 1개, 못난이당근(쥬스용)",9190,100,g,306,,https://www.coupang.com/vp/products/7729106938?itemId=20764702181&vendorItemId=84168043037,https://thumbnail7.coupangcdn.com/thumbnails/remote/230x230ex/image/vendor_inventory/8102/3a4b71f2b6e8ae9163728e80eebfa178adfe3310d0b1678985e0c8fabe73.jpg
- 대파,2024-08-01 20:06:14,"흙대파, 1kg, 1개",3500,100,g,350,로켓배송,https://www.coupang.com/vp/products/6528172171?itemId=5911958170&vendorItemId=73210037048,https://thumbnail6.coupangcdn.com/thumbnails/remote/230x230ex/image/retail/images/4063320789843989-2f070b18-3886-4b8c-871b-2403227cfec9.jpg
- 들기름,2024-08-01 20:06:15,"해표 참진한 들기름, 3.2L, 12개",1385820,10,ml,361,,https://www.coupang.com/vp/products/14048?itemId=23230142584&vendorItemId=90262608322,https://thumbnail8.coupangcdn.com/thumbnails/remote/230x230ex/image/vendor_inventory/d68c/1848063e1fa229af0a142a9dedd635c1a67e4992cfdbdbc1cb7083a1a5fb.png
- 떡볶이 떡,2024-08-01 20:06:17,"곰곰 쌀떡볶이떡, 1kg, 1개",2470,100,g,247,로켓배송,https://www.coupang.com/vp/products/1548173516?itemId=2650025169&vendorItemId=70640893745,https://thumbnail10.coupangcdn.com/thumbnails/remote/230x230ex/image/retail/images/12570459420540178-985b6697-7e74-4900-94e8-c6a601fc4843.jpg
- 라면,2024-08-01 20:06:18,"오뚜기 쇠고기라면 업소용 120g, 60개",28480,1,개,475,로켓배송,https://www.coupang.com/vp/products/401829?itemId=18626436767&vendorItemId=85761814016,https://thumbnail9.coupangcdn.com/thumbnails/remote/230x230ex/image/retail/images/ab916f64-c873-44f0-aaee-5d9e6c50b7357406998027201237795.png
- 라면스프,2024-08-01 20:06:19,"오뚜기 오쉐프 진한라면 스프, 855g, 390개",4822800,100,g,1446,,https://www.coupang.com/vp/products/17374513?itemId=23221658027&vendorItemId=90254157657,https://thumbnail6.coupangcdn.com/thumbnails/remote/230x230ex/image/vendor_inventory/2e4e/a768cb07f64575989526fc1f602585a8150142ac09e18dd72ccf1aaa3bab.png
- 마늘,2024-08-01 20:06:20,"국내산 다진마늘 용기 900g, 1통",13090,10,g,145,로켓배송,https://www.coupang.com/vp/products/6734426193?itemId=15700931534&vendorItemId=82915465143,https://thumbnail9.coupangcdn.com/thumbnails/remote/230x230ex/image/retail/images/2358242725049292-e77dad08-cecd-411a-9fe0-3595d7be0cc0.jpg
- 마른 새우,2024-08-01 20:06:21,"해맑은푸드 두절새우 실속형 (냉동), 300g, 1개",11900,10,g,397,로켓배송,https://www.coupang.com/vp/products/7246297554?itemId=18422480253&vendorItemId=85564358393,https://thumbnail7.coupangcdn.com/thumbnails/remote/230x230ex/image/retail/images/2023/04/04/18/7/8558f0f8-8726-4f5f-8a9c-8b40b43194ca.jpg
- 맛술,2024-08-01 20:06:22,"오뚜기 미향, 18L, 1개",27410,10,ml,15,로켓배송,https://www.coupang.com/vp/products/739286?itemId=927892383&vendorItemId=70181061340,https://thumbnail6.coupangcdn.com/thumbnails/remote/230x230ex/image/retail/images/2020/01/21/16/6/64ae3171-7692-4e02-be8b-7bf64d30f881.jpg
- 물,2024-08-01 20:06:24,"탐사수 무라벨, 2L, 30개",15290,100,ml,25,로켓배송,https://www.coupang.com/vp/products/5625704601?itemId=13430253618&vendorItemId=80771756696,https://thumbnail7.coupangcdn.com/thumbnails/remote/230x230ex/image/0726_beverages_69k_downsize_by2_m3k_b4/002b/c32d4ecff5a464846dcd208768d61d1f4c3be0af2eb13c84b4aea60f2a7c.jpg
- 물엿,2024-08-01 20:06:25,"오뚜기 옛날 물엿, 19.6kg, 7개",607100,100,g,442,,https://www.coupang.com/vp/products/35151?itemId=23191728078&vendorItemId=90224393380,https://thumbnail7.coupangcdn.com/thumbnails/remote/230x230ex/image/vendor_inventory/e95c/242a145de8850f007a50e2dcb1793b77ec5dc151e4dbfcf78f7c02e7b4d6.png
- 물엿 또는 꿀,2024-08-01 20:06:26,"곰곰 물엿, 2.45kg, 1개",6190,100,g,253,로켓배송,https://www.coupang.com/vp/products/7511168002?itemId=19680844973&vendorItemId=86786217870,https://thumbnail8.coupangcdn.com/thumbnails/remote/230x230ex/image/retail/images/13381707216464-06712bba-829d-46c8-9f3a-ae2fbf4dbbb7.jpg
- 미역줄기,2024-08-01 20:06:27,"주일 염장 미역줄기, 1개, 10kg",19800,10,g,20,로켓배송,https://www.coupang.com/vp/products/7478534175?itemId=19529378468&vendorItemId=86637857385,https://thumbnail6.coupangcdn.com/thumbnails/remote/230x230ex/image/rs_quotation_api/4n8mgbg4/54720392efa640759c40e1f8cb8297a1.jpg
- 설탕,2024-08-01 20:06:28,"큐원 하얀 설탕, 1개, 3kg",6000,100,g,200,로켓배송,https://www.coupang.com/vp/products/8135358184?itemId=23108654231&vendorItemId=90141917183,https://thumbnail6.coupangcdn.com/thumbnails/remote/230x230ex/image/retail/images/549528724808119-0782c7dc-2513-4897-98c0-8e9dccc08cff.jpg
- 소주,2024-08-01 20:06:30,"에라토 강화 소주잔, 4개입",6600,1,개,1650,로켓배송,https://www.coupang.com/vp/products/48890857?itemId=173018900&vendorItemId=3414858080,https://thumbnail9.coupangcdn.com/thumbnails/remote/230x230ex/image/retail/images/1088430403378132-cc9586e8-5de7-47e1-a562-7ab55bfe2320.jpg
- 식용유,2024-08-01 20:06:31,"[KT알파쇼핑][사조대림] 해표 콩기름 500ml X 15병 /식용유/오일/기름/튀김, 15개",37300,100,ml,497,,https://www.coupang.com/vp/products/487322?itemId=23392805439&vendorItemId=83358130220,https://thumbnail7.coupangcdn.com/thumbnails/remote/230x230ex/image/vendor_inventory/79d7/9a90824db751a1d7d815361b59122da341124bb72bdea301e4d35f8347b4.jpg
- 양배추,2024-08-01 20:06:32,"데일리원 참 착한 양배추 정, 300정, 4개",428350,1,정,357,,https://www.coupang.com/vp/products/7771966871?itemId=23688988834&vendorItemId=90714140352,https://thumbnail8.coupangcdn.com/thumbnails/remote/230x230ex/image/vendor_inventory/7874/327e48f2a801f0f0c2219e737b7847c06ed942ec4eebd1bf2e48deffab8f.png
- 양조간장,2024-08-01 20:06:33,"샘표 양조간장 501, 11L, 1개",106200,100,ml,965,,https://www.coupang.com/vp/products/6091708833?itemId=23305763248&vendorItemId=90337781296,https://thumbnail10.coupangcdn.com/thumbnails/remote/230x230ex/image/vendor_inventory/eb89/34ee6c6390c3133644a44dcf431c8959c850a3e43f3d2ec5ed89e0faaa44.png
- 양파,2024-08-01 20:06:34,"[국내산 양파] 햇양파 무안양파 5kg 10kg 20kg 신선도보장, 대중소 혼합 x 15kg, 1개",17900,100,g,119,,https://www.coupang.com/vp/products/8213772772?itemId=23585402188&vendorItemId=90611284556,https://thumbnail7.coupangcdn.com/thumbnails/remote/230x230ex/image/vendor_inventory/3bfc/e93a36fcaf645d34bec26c510217630c6075780fae51cc875147a501d9f8.jpg
- 어묵,2024-08-01 20:06:35,"대림선 부산 어묵 마당놀이2 20장, 1000g, 1개",5660,10,g,57,로켓배송,https://www.coupang.com/vp/products/305534661?itemId=962884565&vendorItemId=5365567200,https://thumbnail8.coupangcdn.com/thumbnails/remote/230x230ex/image/retail/images/2019/09/20/13/1/3d46565f-2ffd-4cf5-b2cf-71095198f044.jpg
- 염장미역줄기,2024-08-01 20:06:36,"주일상사 염장미역줄기, 2박스, 5kg",23080,10,g,23,로켓배송,https://www.coupang.com/vp/products/7442078498?itemId=19598481140&vendorItemId=86705682878,https://thumbnail10.coupangcdn.com/thumbnails/remote/230x230ex/image/retail/images/d52047a8-3f91-4814-ad37-9c584fc26ca21772696063335407740.png
- 참기름,2024-08-01 20:06:38,"오뚜기 옛날 참기름 450ml, 1개",6660,10,ml,148,로켓배송,https://www.coupang.com/vp/products/1248841451?itemId=17397516347&vendorItemId=84566975131,https://thumbnail7.coupangcdn.com/thumbnails/remote/230x230ex/image/retail/images/639566258658461-2ba703d9-9542-4193-81b6-9cd727ec1b99.jpg
- 참치액,2024-08-01 20:06:39,"사조 프리미엄 참치액, 550ml, 1개",6680,10,ml,121,로켓배송,https://www.coupang.com/vp/products/5238673635?itemId=7393453631&vendorItemId=74684496019,https://thumbnail7.coupangcdn.com/thumbnails/remote/230x230ex/image/retail/images/1920038146004332-b57b0f79-45d1-4511-8a90-1f02c7ac4017.jpg
- 청양고추,2024-08-01 20:06:40,"+냉동 청양고추슬라이스 1kg x10봉box, 10개",35930,100,g,359,,https://www.coupang.com/vp/products/7290157681?itemId=18630968643&vendorItemId=89564384469,https://thumbnail8.coupangcdn.com/thumbnails/remote/230x230ex/image/vendor_inventory/bf37/d18e199048787fae7d8216d3af054c14ec18b0aa197ab60bf7e64d6c6909.jpg
- 청주,2024-08-01 20:06:41,"청정원 맛술, 1개, 830ml",3580,10,ml,43,로켓배송,https://www.coupang.com/vp/products/7835682215?itemId=23350346346&vendorItemId=3037177116,https://thumbnail6.coupangcdn.com/thumbnails/remote/230x230ex/image/retail/images/3749756783656424-8e130b6e-4cbb-47c3-ad3a-cb88255c43de.jpg
- 통깨,2024-08-01 20:06:42,"오리지널그레인 볶은 통참깨, 2kg, 1개",17980,100,g,899,로켓배송,https://www.coupang.com/vp/products/7574514650?itemId=17716327048&vendorItemId=84881175299,https://thumbnail10.coupangcdn.com/thumbnails/remote/230x230ex/image/retail/images/766316930514427-fac38c83-125d-4d65-b995-c48d45e9ee71.jpg
- 홍고추,2024-08-01 20:06:43,"국내산 유기농 홍고추 [직접재배 : 선물농장], 1박스, 10kg",40800,100,g,408,,https://www.coupang.com/vp/products/8215759071?itemId=23597615135&vendorItemId=90623439522,https://thumbnail8.coupangcdn.com/thumbnails/remote/230x230ex/image/vendor_inventory/af3d/2d28c04cab522c41d2ee0f73238820ced8000d966079d47215c909a8be4a.jpg
- 후추,2024-08-01 20:06:44,"오뚜기 순후추, 240g, 14개",165240,10,g,492,,https://www.coupang.com/vp/products/8202962306?itemId=12540374946&vendorItemId=83232112736,https://thumbnail6.coupangcdn.com/thumbnails/remote/230x230ex/image/vendor_inventory/8f38/0e6ce6b94d16dd6f3c7f52a7e2da8c0b7864697a527f0003ff5d0ffa8eaf.PNG
ㄷㄲ가루,2024-08-01 20:06:45,"곰표 튀김가루, 1kg, 20개",38750,100,g,194,로켓배송,https://www.coupang.com/vp/products/6640593253?itemId=19863545706&vendorItemId=85322054727,https://thumbnail7.coupangcdn.com/thumbnails/remote/230x230ex/image/retail/images/1052479061858361-04f0dbdf-4dfa-4a83-9b20-5891c53b4968.png
가문어,2024-08-01 20:06:46,"해맑은푸드 동전오족 (냉동), 1kg, 2개",36800,10,g,184,로켓배송,https://www.coupang.com/vp/products/252948457?itemId=19225475350&vendorItemId=86342122534,https://thumbnail6.coupangcdn.com/thumbnails/remote/230x230ex/image/retail/images/671444474998949-eade53fc-be75-4f26-a5fe-223665be3371.jpg
간 돼지고기,2024-08-01 20:06:48,"돈마루한돈 뒷다리 다짐육 (냉장), 1kg, 1개",9900,100,g,990,로켓배송,https://www.coupang.com/vp/products/227332548?itemId=9414393485&vendorItemId=76699370605,https://thumbnail7.coupangcdn.com/thumbnails/remote/230x230ex/image/retail/images/3281478384949243-ecdefcde-60dc-4861-bfa4-1574a493e271.jpg
간 마늘,2024-08-01 20:06:49,"곰곰 냉동 다진마늘, 1kg, 1개",11280,10,g,113,로켓배송,https://www.coupang.com/vp/products/6485066942?itemId=14211959788&vendorItemId=81457412421,https://thumbnail8.coupangcdn.com/thumbnails/remote/230x230ex/image/retail/images/605092107039372-a6eefdcf-5496-41de-a538-db82276375ab.png
간깨,2024-08-01 20:06:50,"오리지널그레인 볶은 통참깨, 1kg, 1개",9980,100,g,998,로켓배송,https://www.coupang.com/vp/products/7574514650?itemId=17716327051&vendorItemId=84881175306,https://thumbnail8.coupangcdn.com/thumbnails/remote/230x230ex/image/retail/images/766317729517058-fe739553-34fd-4303-bf7d-64d0bc0450ae.jpg
간마늘,2024-08-01 20:06:51,"곰곰 냉동 다진마늘, 1kg, 1개",11280,10,g,113,로켓배송,https://www.coupang.com/vp/products/6485066942?itemId=14211959788&vendorItemId=81457412421,https://thumbnail8.coupangcdn.com/thumbnails/remote/230x230ex/image/retail/images/605092107039372-a6eefdcf-5496-41de-a538-db82276375ab.png
간장,2024-08-01 20:06:52,"[오뚜기] 간장 양조간장, 15L, 1개",39720,100,ml,265,로켓배송,https://www.coupang.com/vp/products/5361472?itemId=1053485&vendorItemId=3001001264,https://thumbnail10.coupangcdn.com/thumbnails/remote/230x230ex/image/product/image/vendoritem/2017/02/03/3001001264/66e8e368-6f3b-4ec1-95a0-b15d88d59402.JPG
감자전분,2024-08-01 20:06:53,"곰곰 감자전분, 1kg, 1개",4390,100,g,439,로켓배송,https://www.coupang.com/vp/products/7522733692?itemId=19733882650&vendorItemId=86837741791,https://thumbnail6.coupangcdn.com/thumbnails/remote/230x230ex/image/retail/images/1852597268171107-c6ccc49f-9e60-40bc-8555-646c8c49e8b2.jpg
건더기스프,2024-08-01 20:06:54,"오뚜기 우동 건더기 스프, 250g, 5개",23850,100,g,1908,로켓배송,https://www.coupang.com/vp/products/6221077009?itemId=17905189386&vendorItemId=85067938611,https://thumbnail9.coupangcdn.com/thumbnails/remote/230x230ex/image/retail/images/795222973968164-3bda5ffd-2e77-4b18-b4fc-b216fab54964.jpg
건새우,2024-08-01 20:06:56,"신건호멸치 서해안 상품 햇 건새우 볶음/안주/국물용 (냉동), 1kg, 1박스",21900,10,g,219,로켓배송,https://www.coupang.com/vp/products/7335911421?itemId=3694519401&vendorItemId=71679826633,https://thumbnail10.coupangcdn.com/thumbnails/remote/230x230ex/image/retail/images/172432772580495-9ebc55c6-4a40-4c7a-a50f-2cbb1cb3b228.jpg
계란,2024-08-01 20:06:57,"조인 특란, 30구, 1개",7190,1,구,240,로켓배송,https://www.coupang.com/vp/products/7133258423?itemId=17891950946&vendorItemId=85054858666,https://thumbnail6.coupangcdn.com/thumbnails/remote/230x230ex/image/retail/images/3280898571928064-7e1522dd-a310-47df-982c-a732808b4611.jpg
고운 고춧가루,2024-08-01 20:06:58,"화미 고춧가루 미분용, 2.5kg, 1개",24000,100,g,960,로켓배송,https://www.coupang.com/vp/products/1295382700?itemId=2307634996&vendorItemId=70304472937,https://thumbnail9.coupangcdn.com/thumbnails/remote/230x230ex/image/retail/images/602898626509561-ba93000f-f3fb-4370-bf63-acf22f286222.jpg
고운고추가루,2024-08-01 20:06:59,"화미 고춧가루 미분용, 2.5kg, 1개",24000,100,g,960,로켓배송,https://www.coupang.com/vp/products/1295382700?itemId=2307634996&vendorItemId=70304472937,https://thumbnail9.coupangcdn.com/thumbnails/remote/230x230ex/image/retail/images/602898626509561-ba93000f-f3fb-4370-bf63-acf22f286222.jpg
고운고춧가루,2024-08-01 20:07:01,"고추연구소 고운 고춧가루, 1kg, 1개",12310,100,g,1231,로켓배송,https://www.coupang.com/vp/products/7186018382?itemId=18133090219&vendorItemId=75251184855,https://thumbnail6.coupangcdn.com/thumbnails/remote/230x230ex/image/retail/images/4456641877392473-1d580f02-378e-4f3b-9fae-8a1362e4661f.jpg
고추가루,2024-08-01 20:07:02,"화미 고춧가루 김치용, 2.5kg, 2개",47000,100,g,940,로켓배송,https://www.coupang.com/vp/products/1295383828?itemId=18595395425&vendorItemId=85731555076,https://thumbnail9.coupangcdn.com/thumbnails/remote/230x230ex/image/retail/images/5d09926d-e09b-4a22-ae42-be174e7f58463745549208769097908.png
고추기름,2024-08-01 20:07:03,"해표 요리백미 고추맛기름, 1.8L, 2개",17170,100,ml,477,,https://www.coupang.com/vp/products/72470?itemId=519037897&vendorItemId=86139024674,https://thumbnail8.coupangcdn.com/thumbnails/remote/230x230ex/image/vendor_inventory/7c97/b03668aa13f23fcba9f44e1ca8dbc2e7f26847720e8e50d3f823bc4ef023.png
고추장,2024-08-01 20:07:04,"해표 순창궁 태양초 고추장, 3kg, 1개",8700,100,g,290,로켓배송,https://www.coupang.com/vp/products/8180142761?itemId=20863867994&vendorItemId=85813327066,https://thumbnail6.coupangcdn.com/thumbnails/remote/230x230ex/image/retail/images/1249392455965700-301589c8-a844-4f3a-9903-a99bba9032a8.jpg
고춧가루,2024-08-01 20:07:06,"화미 고춧가루 김치용, 2.5kg, 1개",23500,100,g,940,로켓배송,https://www.coupang.com/vp/products/1295383828?itemId=2307636719&vendorItemId=70304472683,https://thumbnail9.coupangcdn.com/thumbnails/remote/230x230ex/image/retail/images/602686241858100-c4f6be33-28f7-47d4-a2d3-8b814411586e.jpg
국간장,2024-08-01 20:07:07,"샘표 국간장, 14L, 1개",20590,100,ml,147,로켓배송,https://www.coupang.com/vp/products/8202532818?itemId=18204402896&vendorItemId=3039900851,https://thumbnail10.coupangcdn.com/thumbnails/remote/230x230ex/image/retail/images/52097890568647-6c24cae7-dc7c-4530-bbb6-b001e40a2143.png
굴 소스,2024-08-01 20:07:08,"이금기 팬더 굴소스 파우치, 2kg, 6개",54600,100,g,455,로켓배송,https://www.coupang.com/vp/products/8180068924?itemId=21111101316&vendorItemId=85464801346,https://thumbnail10.coupangcdn.com/thumbnails/remote/230x230ex/image/retail/images/5f26bb25-d6f5-4caa-95e5-2303bc3d0c35167290093199916655.png
굴소스,2024-08-01 20:07:09,"해천 굴소스, 725g, 1개",3040,100,g,419,로켓배송,https://www.coupang.com/vp/products/6171246423?itemId=12047654031&vendorItemId=4120199709,https://thumbnail8.coupangcdn.com/thumbnails/remote/230x230ex/image/retail/images/184599659726398-d497e3ba-6c18-4581-bac1-4d479c6250f2.png
굵은고춧가루,2024-08-01 20:07:10,"화미 고춧가루 김치용, 2.5kg, 1개",23500,100,g,940,로켓배송,https://www.coupang.com/vp/products/1295383828?itemId=2307636719&vendorItemId=70304472683,https://thumbnail9.coupangcdn.com/thumbnails/remote/230x230ex/image/retail/images/602686241858100-c4f6be33-28f7-47d4-a2d3-8b814411586e.jpg
김치,2024-08-01 20:07:11,"인우 더맛나 썰은 배추김치, 1.1kg, 1개",5200,100,g,473,로켓배송,https://www.coupang.com/vp/products/7872371861?itemId=21508803719&vendorItemId=88562320954,https://thumbnail6.coupangcdn.com/thumbnails/remote/230x230ex/image/rs_quotation_api/n0n88mgd/2b2da17ee8e34742824e21d52d766a32.jpg
깐마늘,2024-08-01 20:07:12,"곰곰 국내산 깐마늘, 1kg, 3개",23840,100,g,795,로켓배송,https://www.coupang.com/vp/products/6610618007?itemId=19223676317&vendorItemId=86340362038,https://thumbnail6.coupangcdn.com/thumbnails/remote/230x230ex/image/retail/images/5295871842560553-a867b9cf-a971-4ea6-9c60-9c3db34a021d.jpg
깨,2024-08-01 20:07:14,"오리지널그레인 볶은 통참깨, 1kg, 1개",9980,100,g,998,로켓배송,https://www.coupang.com/vp/products/7320270068?itemId=18773516175&vendorItemId=85905077930,https://thumbnail8.coupangcdn.com/thumbnails/remote/230x230ex/image/retail/images/766317729517058-fe739553-34fd-4303-bf7d-64d0bc0450ae.jpg
깨소금,2024-08-01 20:07:15,"곰곰 고소한 참깨 100% 깨소금, 250g, 1개",4980,100,g,1992,로켓배송,https://www.coupang.com/vp/products/8075188604?itemId=22745852616&vendorItemId=89781075207,https://thumbnail10.coupangcdn.com/thumbnails/remote/230x230ex/image/retail/images/636066498927380-26c15cc5-2007-4844-ae9b-f18138ba1565.jpg
깻가루,2024-08-01 20:07:16,"깻잎가루 깻잎분말, 300g, 1개",13900,10,g,463,,https://www.coupang.com/vp/products/7403408612?itemId=19166851979&vendorItemId=5003445762,https://thumbnail8.coupangcdn.com/thumbnails/remote/230x230ex/image/vendor_inventory/f70c/bef01c603de7b519b8b9eca30c1c606c1707c497c0aef68729a9d42c0501.jpg
깻잎,2024-08-01 20:07:17,"[팩] 밀양 깻잎, 100g, 1팩",2590,100,g,2590,로켓배송,https://www.coupang.com/vp/products/6121918362?itemId=11610043264&vendorItemId=78884735483,https://thumbnail9.coupangcdn.com/thumbnails/remote/230x230ex/image/retail/images/7086127392321268-b1033b40-6ef8-4b4a-b84c-c5305d1d16bb.jpg
꽃소금,2024-08-01 20:07:18,"[2시이전주문/당일출고]고고좋소 하얀꽃소금 깨끗한 고운소금 식당용 업소용 가정용 대용량 재제소금 재제염 요리용 15KG [국내생산], 1개",18000,100,g,120,,https://www.coupang.com/vp/products/8251611691?itemId=23757204695&vendorItemId=90781656645,https://thumbnail10.coupangcdn.com/thumbnails/remote/230x230ex/image/vendor_inventory/b41b/c3166d9fe6bef39b8ae0ad3fbce9bc1e883b233996c18029a3cd7632741e.jpg
꽈리고추,2024-08-01 20:07:20,"클릭마켓 국내산 꽈리고추 특품 1kg 2kg, 1개",12830,100,g,1283,,https://www.coupang.com/vp/products/7193324145?itemId=18166897873&vendorItemId=85316458160,https://thumbnail10.coupangcdn.com/thumbnails/remote/230x230ex/image/vendor_inventory/1880/8a9d9d5994f40f1f5410ff86967e624353fd8fd83b00a27846ea17ecda64.jpg
꿀,2024-08-01 20:07:21,"산내들농원 사양벌꿀, 2kg, 1개",21000,100,g,1050,로켓배송,https://www.coupang.com/vp/products/8243951010?itemId=19144250489&vendorItemId=3007997046,https://thumbnail6.coupangcdn.com/thumbnails/remote/230x230ex/image/retail/images/29781463100348-47887a9a-0b11-4d64-9f08-5a52d0d92369.jpg
꿀(올리고당),2024-08-01 20:07:22,"오뚜기 올리고당, 5kg, 3개",29460,100,g,196,로켓배송,https://www.coupang.com/vp/products/592825?itemId=12346402311&vendorItemId=84606305062,https://thumbnail9.coupangcdn.com/thumbnails/remote/230x230ex/image/retail/images/7396239517444869-f3787541-82b4-427d-a4e2-ef4495036f67.jpg
노란 피망,2024-08-01 20:07:23,"백광농장 국내산 반홍피망(상) 5kg, 1개",29900,100,g,598,,https://www.coupang.com/vp/products/7865995090?itemId=21475876695&vendorItemId=88530124889,https://thumbnail9.coupangcdn.com/thumbnails/remote/230x230ex/image/vendor_inventory/807e/da409e10bfa55656730084508603946266249ac4504fcb55a2c0f00ad7fe.jpg
녹색 피망,2024-08-01 20:07:24,"마당발 냉동 청피망 (냉동), 1kg, 6봉",17350,100,g,289,로켓배송,https://www.coupang.com/vp/products/1729849623?itemId=19282572949&vendorItemId=86397526905,https://thumbnail8.coupangcdn.com/thumbnails/remote/230x230ex/image/retail/images/f7314c3d-5384-4ddc-a07b-257bb87093dd8298487779112934013.png
느타리버섯,2024-08-01 20:07:25,"산지직송 친환경 무농약 GAP 느타리버섯 2KG 대용량 흑타리버섯, 1개",8800,100,g,440,,https://www.coupang.com/vp/products/7290002569?itemId=18630296414&vendorItemId=85318549847,https://thumbnail10.coupangcdn.com/thumbnails/remote/230x230ex/image/vendor_inventory/e1a3/45be46f93fd48ae6a6bcf1e5278de47e54c4d9976d7b855618c480e8f18e.png
느타리버섯(참타리버섯),2024-08-01 20:07:27,"국내산 느타리버섯, 2KG, 2개",19920,100,g,498,로켓배송,https://www.coupang.com/vp/products/5932524777?itemId=19224125894&vendorItemId=86340802615,https://thumbnail6.coupangcdn.com/thumbnails/remote/230x230ex/image/retail/images/d60e58b6-63d8-4b16-b23b-3ab8900881771506083327259402491.png
다시다,2024-08-01 20:07:28,"샘표 쇠고기맛이진한다시, 2kg, 2개",17500,10,g,44,로켓배송,https://www.coupang.com/vp/products/3630414?itemId=19721294999&vendorItemId=85193109076,https://thumbnail10.coupangcdn.com/thumbnails/remote/230x230ex/image/retail/images/1372093203979881-fbd75ca2-b3f3-42dc-b6b5-4de59c6f7a27.jpg
다시마,2024-08-01 20:07:29,"주일 무결점 해풍맞은 완도다시마, 250g, 1개",6970,10,g,279,로켓배송,https://www.coupang.com/vp/products/322022462?itemId=16186261086&vendorItemId=83381497489,https://thumbnail6.coupangcdn.com/thumbnails/remote/230x230ex/image/retail/images/2022/10/04/17/2/cd865395-6bcd-4c54-9a6e-bf1200530eac.jpg
다진 마늘,2024-08-01 20:07:30,"곰곰 냉동 다진마늘, 1kg, 1개",11280,10,g,113,로켓배송,https://www.coupang.com/vp/products/6485066942?itemId=14211959788&vendorItemId=81457412421,https://thumbnail8.coupangcdn.com/thumbnails/remote/230x230ex/image/retail/images/605092107039372-a6eefdcf-5496-41de-a538-db82276375ab.png
다진 양파,2024-08-01 20:07:31,"다진양파 국내산 10kg(5kg x 2개), 2개",28800,100,g,144,,https://www.coupang.com/vp/products/7804655079?itemId=21146772648&vendorItemId=81634351715,https://thumbnail7.coupangcdn.com/thumbnails/remote/230x230ex/image/vendor_inventory/df40/889243db03497c084012e160a1f758ee1fce02634d811e0ae2ce5c5a5949.jpg
다진 파,2024-08-01 20:07:32,"농우 냉동 대파, 1kg, 5팩",13400,100,g,268,로켓배송,https://www.coupang.com/vp/products/6062657742?itemId=11155591609&vendorItemId=78433887470,https://thumbnail8.coupangcdn.com/thumbnails/remote/230x230ex/image/retail/images/2021/08/26/18/4/82bf79e4-6293-4d56-aee9-b0c5257ed4ae.jpg
다진고기,2024-08-01 20:07:34,"국제식품 국내산 돈후지 다짐육 (냉동), 1kg, 3개",22400,100,g,747,로켓배송,https://www.coupang.com/vp/products/5386919578?itemId=8021228309&vendorItemId=75309943694,https://thumbnail10.coupangcdn.com/thumbnails/remote/230x230ex/image/retail/images/2021/04/16/1/4/62db291f-74ec-40a7-9cff-d02c32f7dd81.jpg
다진고추,2024-08-01 20:07:35,"곰곰 냉동 청양고추, 500g, 1개",6890,100,g,1378,로켓배송,https://www.coupang.com/vp/products/6097731697?itemId=11406371607&vendorItemId=78682324950,https://thumbnail8.coupangcdn.com/thumbnails/remote/230x230ex/image/retail/images/7030340116853210-5cce2da8-d902-453c-9cac-eef7401d1fb0.jpg
다진돼지고기,2024-08-01 20:07:36,"돈마루한돈 뒷다리 다짐육 (냉장), 1kg, 1개",9900,100,g,990,로켓배송,https://www.coupang.com/vp/products/227332548?itemId=9414393485&vendorItemId=76699370605,https://thumbnail7.coupangcdn.com/thumbnails/remote/230x230ex/image/retail/images/3281478384949243-ecdefcde-60dc-4861-bfa4-1574a493e271.jpg
다진마늘,2024-08-01 20:07:37,"국산 다진마늘, 1kg, 1개",14490,10,g,145,로켓배송,https://www.coupang.com/vp/products/4778058394?itemId=6344733580&vendorItemId=73640060827,https://thumbnail6.coupangcdn.com/thumbnails/remote/230x230ex/image/retail/images/2891419087588-da4a475e-598d-4536-943a-2dd9286f64b2.jpg
다진마늘 ,2024-08-01 20:07:39,"곰곰 냉동 다진마늘, 1kg, 1개",11280,10,g,113,로켓배송,https://www.coupang.com/vp/products/6485066942?itemId=14211959788&vendorItemId=81457412421,https://thumbnail8.coupangcdn.com/thumbnails/remote/230x230ex/image/retail/images/605092107039372-a6eefdcf-5496-41de-a538-db82276375ab.png
다진생강,2024-08-01 20:07:40,"농우 간편 뚝딱 다진생강 (냉동), 1kg, 5팩",25500,10,g,51,로켓배송,https://www.coupang.com/vp/products/6012228412?itemId=10910051324&vendorItemId=78189867044,https://thumbnail10.coupangcdn.com/thumbnails/remote/230x230ex/image/retail/images/714727371294559-1b182bcc-2ba3-455b-b7b3-b9f5c600ff59.jpg
다진소고기,2024-08-01 20:07:41,"딜리조이 호주산 소고기 앞다리살 다짐육 (냉장), 400g, 1개",9390,100,g,2348,로켓배송,https://www.coupang.com/vp/products/6456552871?itemId=14035927668&vendorItemId=81283942019,https://thumbnail6.coupangcdn.com/thumbnails/remote/230x230ex/image/retail/images/6259896162905900-ca72adf6-10eb-4e3f-a1e4-a2c438c661d1.jpg
달걀 흰자,2024-08-01 20:07:42,"프레쉬홈 알쉐프 냉장 살균난백, 3개, 30구",30300,1,구,337,,https://www.coupang.com/vp/products/1440661568?itemId=2484482198&vendorItemId=3267338928,https://thumbnail7.coupangcdn.com/thumbnails/remote/230x230ex/image/vendor_inventory/3965/b2d2bc2558e6b11dda2c18b88d392d121a2a52340116cff17205f171e175.jpg
당근,2024-08-01 20:07:43,"곰곰 국내산 흙당근, 3kg, 1개",15800,100,g,527,로켓배송,https://www.coupang.com/vp/products/1771785217?itemId=18804958641&vendorItemId=85935631188,https://thumbnail9.coupangcdn.com/thumbnails/remote/230x230ex/image/retail/images/1163147790028356-057a08d1-7822-498e-8f42-fc8b739c725a.jpg
당면,2024-08-01 20:07:45,"쉐프원 알찬당면, 14kg, 1개",42200,100,g,301,로켓배송,https://www.coupang.com/vp/products/7609637031?itemId=536076323&vendorItemId=84980448316,https://thumbnail10.coupangcdn.com/thumbnails/remote/230x230ex/image/rs_quotation_api/uytios2p/1ee805e0c48448ce9917f258c1162c02.jpg
대멸치,2024-08-01 20:07:46,"남해안 통영 햇 다시멸치 1.5kg 육수용멸치 국물용멸치, 다시멸치(실속/중하품)1.5kg, 1개",14900,10,g,99,,https://www.coupang.com/vp/products/7892306758?itemId=21610900242&vendorItemId=88662158253,https://thumbnail6.coupangcdn.com/thumbnails/remote/230x230ex/image/vendor_inventory/4a8d/fb5168df24299472af9179c176213895809f8cecf597689bb82fab4438a9.jpg
대창,2024-08-01 20:07:48,"[식품의즐거움] 야들야들 쫄낏 고소한 소대창 500g+소스 70g, 1개, 500g",16040,100,g,3208,,https://www.coupang.com/vp/products/7516458985?itemId=19705448698&vendorItemId=84000062272,https://thumbnail6.coupangcdn.com/thumbnails/remote/230x230ex/image/vendor_inventory/4ca3/fdbdf425128660a73a5e847ec1a5b8d550156d10bb4be1c4ed8d18836954.jpg
대파,2024-08-01 20:07:50,"하늘푸드 (10kg) 수입 대파 깐대파 손질대파 식자재, 1. (10kg/Box) 상품 신선대파, 1개",24000,100,g,240,,https://www.coupang.com/vp/products/7777089811?itemId=21011062691&vendorItemId=88074628457,https://thumbnail7.coupangcdn.com/thumbnails/remote/230x230ex/image/vendor_inventory/3479/e5ca22145ad0665ed3a47d075c23df0605aa6711482519f16b55b3a8628e.jpg
대파 2개,2024-08-01 20:07:52,"흙대파, 1kg, 2개",7000,100,g,350,로켓배송,https://www.coupang.com/vp/products/6528172171?itemId=19223683812&vendorItemId=86340369105,https://thumbnail7.coupangcdn.com/thumbnails/remote/230x230ex/image/retail/images/d5e8d1d7-e4e7-419f-80c1-c211e72754ac7547289351194822915.png
대패삼겹살,2024-08-01 20:07:53,"돌돌말이 대패삼겹살 (냉동), 700g, 2개",15900,100,g,1136,로켓배송,https://www.coupang.com/vp/products/7297269740?itemId=19223539192&vendorItemId=86340226576,https://thumbnail6.coupangcdn.com/thumbnails/remote/230x230ex/image/retail/images/1582906875680146-2180d773-35bf-45f2-8797-b40cc6d84465.jpg
돼지고기 목살,2024-08-01 20:07:55,"미트포유 목전지 13mm, 3kg, 1개",29900,100,g,997,로켓배송,https://www.coupang.com/vp/products/5169947632?itemId=7131594758&vendorItemId=74423389195,https://thumbnail10.coupangcdn.com/thumbnails/remote/230x230ex/image/retail/images/6598779476294580-230e90d6-b1d5-40fa-aa2e-0fef0e42ece5.jpg
돼지대창,2024-08-01 20:07:57,"(배터짐) 국내산 삶은 돼지대창 2kg, 1개",25910,100,g,1296,,https://www.coupang.com/vp/products/7782030372?itemId=21034708147&vendorItemId=81441244827,https://thumbnail10.coupangcdn.com/thumbnails/remote/230x230ex/image/vendor_inventory/6880/8dac122edb7a60c932a31f21a7542f3dabbe42597fe955dee38a01674e39.jpg
돼지막창,2024-08-01 20:07:59,"막창 망치막창 대구 돼지생막창 2kg, 1개",33300,100,g,1665,,https://www.coupang.com/vp/products/7180661550?itemId=18109706839&vendorItemId=73090530403,https://thumbnail7.coupangcdn.com/thumbnails/remote/230x230ex/image/vendor_inventory/b0e1/3b63511eede1c28982e2cd6f4eb7f6126dff869e075a3894c8be44ea5247.png
된장,2024-08-01 20:08:00,"범일 콩된장 특대입자, 3kg, 1개",10290,100,g,343,로켓배송,https://www.coupang.com/vp/products/6059230471?itemId=3204315560&vendorItemId=70756019342,https://thumbnail9.coupangcdn.com/thumbnails/remote/230x230ex/image/retail/images/2822372877774259-fc93335e-f435-48a2-af13-db30cfdfc9ea.png
두반장,2024-08-01 20:08:01,"피센 홍유피현 두반장, 500g, 1개",4580,100,g,916,로켓배송,https://www.coupang.com/vp/products/5871814066?itemId=10275753070&vendorItemId=77558134171,https://thumbnail9.coupangcdn.com/thumbnails/remote/230x230ex/image/rs_quotation_api/p5atq2eu/52e485bccde34394a86172d39a51b3a2.jpg
두부,2024-08-01 20:08:02,"곰곰 콩두부, 500g, 8개",11410,100,g,285,로켓배송,https://www.coupang.com/vp/products/1275124810?itemId=19223694374&vendorItemId=86340379569,https://thumbnail9.coupangcdn.com/thumbnails/remote/230x230ex/image/retail/images/7119255692693177-b103a20c-d60e-4dc4-a678-73c9bbd61e6f.jpg
들기름,2024-08-01 20:08:03,"해표 참진한 들기름, 320ml, 2개",15100,10,ml,236,로켓배송,https://www.coupang.com/vp/products/14048?itemId=17905766040&vendorItemId=85068508116,https://thumbnail6.coupangcdn.com/thumbnails/remote/230x230ex/image/retail/images/38376563885502-28ad1280-100d-4cd7-b89c-0194fbaabe15.jpg
들기름(또는 식용유),2024-08-01 20:08:04,"해표 참진한 들기름, 320ml, 1개",8300,10,ml,259,로켓배송,https://www.coupang.com/vp/products/7851778927?itemId=21403181146&vendorItemId=88459777265,https://thumbnail10.coupangcdn.com/thumbnails/remote/230x230ex/image/retail/images/338408797573843-daac46b1-505e-4aaa-965b-4524d8b11ab2.jpg
들깨가루,2024-08-01 20:08:06,"청정 자연 국산100% 들깨기피가루 탈피 거피 500g/1kg, 500g, 1개",18500,10,g,370,,https://www.coupang.com/vp/products/7219774507?itemId=18292419101&vendorItemId=85438061401,https://thumbnail7.coupangcdn.com/thumbnails/remote/230x230ex/image/vendor_inventory/fd19/0d07bbaab879342ba21078dc3dcbf187e002e1a2fa798f47940c3b78f2a2.png
떡국떡,2024-08-01 20:08:08,"곰곰 쌀 떡국떡, 1kg, 5개",12370,100,g,247,로켓배송,https://www.coupang.com/vp/products/1548173551?itemId=19223912803&vendorItemId=86340595351,https://thumbnail10.coupangcdn.com/thumbnails/remote/230x230ex/image/retail/images/602990360145222-048986f3-729b-4f79-bada-92aec724306e.jpg
떡복이,2024-08-01 20:08:10,"[달콤박스] 스위티코리아 떡볶이스낵 1kg 4개입 1박스, 4개",22800,10,g,57,,https://www.coupang.com/vp/products/1987103186?itemId=20106142774&vendorItemId=87199966165,https://thumbnail9.coupangcdn.com/thumbnails/remote/230x230ex/image/vendor_inventory/9d60/7a84d004d69303f8ef6e9e568b8adb1b7629519569fdf8af619d1dbbca3c.jpg
떡볶이떡,2024-08-01 20:08:11,"곰곰 쌀떡볶이떡, 1kg, 1개",2470,100,g,247,로켓배송,https://www.coupang.com/vp/products/1548173516?itemId=2650025169&vendorItemId=70640893745,https://thumbnail10.coupangcdn.com/thumbnails/remote/230x230ex/image/retail/images/12570459420540178-985b6697-7e74-4900-94e8-c6a601fc4843.jpg
뜨거운 물,2024-08-01 20:08:13,"필립스 3000 시리즈 무선 전기포트, HD9318/20",26300,,,999999999,로켓배송,https://www.coupang.com/vp/products/2068932759?itemId=3515436046&vendorItemId=71501561600,https://thumbnail9.coupangcdn.com/thumbnails/remote/230x230ex/image/retail/images/550198729724681-d74616e4-4b66-415e-a649-9fb26a769bee.jpg
라면,2024-08-01 20:08:15,"삼양라면, 25개",13730,1,개,549,로켓배송,https://www.coupang.com/vp/products/7460637047?itemId=20686607160&vendorItemId=84994381164,https://thumbnail10.coupangcdn.com/thumbnails/remote/230x230ex/image/retail/images/1193085677720053-824ad0fd-8e6b-4848-a15f-aea0dbc82b41.jpg
라면사리,2024-08-01 20:08:17,"농심 사리면, 160개",40140,1,개,251,로켓배송,https://www.coupang.com/vp/products/4706643916?itemId=19421766804&vendorItemId=86533231704,https://thumbnail8.coupangcdn.com/thumbnails/remote/230x230ex/image/retail/images/787938967466602-9da1df21-09b1-4821-9956-79e7369da8a0.jpg
라면스프,2024-08-01 20:08:18,"오뚜기 오쉐프 진한라면 스프, 285g, 12개",31600,100,g,924,로켓배송,https://www.coupang.com/vp/products/17374513?itemId=17909996176&vendorItemId=85072685262,https://thumbnail9.coupangcdn.com/thumbnails/remote/230x230ex/image/retail/images/620116592784467-f3e5cc40-5b77-4eb0-9454-0d2a9c0abeb4.jpg
마늘,2024-08-01 20:08:20,"곰곰 국내산 깐마늘, 200g, 3개",4780,100,g,797,로켓배송,https://www.coupang.com/vp/products/6610618007?itemId=19223906476&vendorItemId=86340589758,https://thumbnail9.coupangcdn.com/thumbnails/remote/230x230ex/image/retail/images/68ff127f-018e-4314-b67b-44cc82496e087880561516926333343.png
마늘종,2024-08-01 20:08:21,"[직수입 전문] 신선 마늘쫑 마늘종 업소용 식자재 도매반장, 1개, 3kg",14900,100,g,497,,https://www.coupang.com/vp/products/8057681125?itemId=22848891277&vendorItemId=89883574771,https://thumbnail8.coupangcdn.com/thumbnails/remote/230x230ex/image/vendor_inventory/0fe4/5b841fee219f074a1653e1740f61b3eeacbf65f8d48ff018cbf887f0961e.jpg
마늘종1단,2024-08-01 20:08:22,"[특급] 마늘쫑 1단, 1개",3200,,,999999999,,https://www.coupang.com/vp/products/6226041368?itemId=12486064118&vendorItemId=79754787311,https://thumbnail10.coupangcdn.com/thumbnails/remote/230x230ex/image/vendor_inventory/7417/4632f9d741b7cb3b6b98de4b9c19ee2946db247ed79835e181d9765a5ef1.jpg
마늘쫑,2024-08-01 20:08:23,"[업소 식자재용] 수입 마늘쫑 700g x 10단 7kg 1박스, 1개",29900,100,g,374,,https://www.coupang.com/vp/products/7460820943?itemId=19446001952&vendorItemId=86556897792,https://thumbnail9.coupangcdn.com/thumbnails/remote/230x230ex/image/vendor_inventory/37eb/663c97592f5f36c27969bf233a21906c77ea577101143b0e306449d23c97.jpg
마늘청(또는 다진마늘),2024-08-01 20:08:24,"[셰프의텃밭] 정성스레 다진마늘 국내산 간마늘 산지직송, 1kg, 3개",21300,10,g,71,,https://www.coupang.com/vp/products/6362032040?itemId=21326388742&vendorItemId=88307880678,https://thumbnail10.coupangcdn.com/thumbnails/remote/230x230ex/image/vendor_inventory/d1cb/a8536d66cea0494409c75c8ab09ac274c190dd949b9566534aaaa80177fb.png
마른새우,2024-08-01 20:08:25,"대용량 두절새우 1kg 볶음/조림용 건새우 / 수염새우 마른새우 반찬, 두절새우 소 1kg, 1개",17900,10,g,179,,https://www.coupang.com/vp/products/8068071343?itemId=22698744355&vendorItemId=89734394837,https://thumbnail6.coupangcdn.com/thumbnails/remote/230x230ex/image/vendor_inventory/00a4/5b54590dbaeb05a3627bf59d13ebd6d03863e4850852bf7a8ac4ee4cfd41.jpg
마요네즈,2024-08-01 20:08:27,"청정원 프레시 마요네즈, 800g, 1개",5370,100,g,671,로켓배송,https://www.coupang.com/vp/products/1419506?itemId=1139913&vendorItemId=3001109656,https://thumbnail10.coupangcdn.com/thumbnails/remote/230x230ex/image/retail/images/211852560112136-b11de722-0b11-4ee9-b9b2-1c20850df88b.jpg
마지막 후추,2024-08-01 20:08:28,"경동시장 통 흑후추 대용량, 1개, 300g",7000,10,g,233,,https://www.coupang.com/vp/products/1577291146?itemId=18253318211&vendorItemId=85400024826,https://thumbnail6.coupangcdn.com/thumbnails/remote/230x230ex/image/vendor_inventory/ef3b/cf49f6dd5fac984f55dd89a3a5f7fdc75caddd5261def39833694a9f1e15.jpg
만능양념장,2024-08-01 20:08:29,"청우식품 비빔무침양념 2.2kg, 1개",10600,100,g,482,로켓배송,https://www.coupang.com/vp/products/6456445363?itemId=14035376467&vendorItemId=70944571207,https://thumbnail6.coupangcdn.com/thumbnails/remote/230x230ex/image/retail/images/893401448123354-ff57eb9c-05c4-4d2f-9775-23150758cb23.jpg
맛소금,2024-08-01 20:08:31,"맛소금, 1kg, 6개",19380,100,g,323,로켓배송,https://www.coupang.com/vp/products/6659184953?itemId=19565589241&vendorItemId=86673466312,https://thumbnail9.coupangcdn.com/thumbnails/remote/230x230ex/image/retail/images/b8b1b7c0-2273-4f89-a1f3-aec5f4a9994f5203993258654375083.png
맛술,2024-08-01 20:08:32,"청정원 쉐프원미작, 2kg, 2개",8120,10,g,20,로켓배송,https://www.coupang.com/vp/products/2517202?itemId=513909655&vendorItemId=4322627626,https://thumbnail9.coupangcdn.com/thumbnails/remote/230x230ex/image/retail/images/3828188459522639-097f22f2-eb10-467e-a5f8-d56a9d83c7de.jpg
맛술 ,2024-08-01 20:08:33,"청정원 쉐프원미작, 2kg, 2개",8120,10,g,20,로켓배송,https://www.coupang.com/vp/products/2517202?itemId=513909655&vendorItemId=4322627626,https://thumbnail9.coupangcdn.com/thumbnails/remote/230x230ex/image/retail/images/3828188459522639-097f22f2-eb10-467e-a5f8-d56a9d83c7de.jpg
맛술(미림),2024-08-01 20:08:35,"오뚜기 미향, 18L, 1개",27410,10,ml,15,로켓배송,https://www.coupang.com/vp/products/739286?itemId=927892383&vendorItemId=70181061340,https://thumbnail6.coupangcdn.com/thumbnails/remote/230x230ex/image/retail/images/2020/01/21/16/6/64ae3171-7692-4e02-be8b-7bf64d30f881.jpg
매실액,2024-08-01 20:08:36,"참다음 매실 농축액, 1.5L, 8개",47000,100,ml,392,로켓배송,https://www.coupang.com/vp/products/2176203818?itemId=18741428378&vendorItemId=71688414360,https://thumbnail7.coupangcdn.com/thumbnails/remote/230x230ex/image/retail/images/2020/09/28/19/9/5fbf859e-38e1-426a-aab9-9eff4be1b459.jpg
매실청,2024-08-01 20:08:38,"파낙스 참다음 매실, 1.5L, 2개",13100,100,ml,437,로켓배송,https://www.coupang.com/vp/products/2176203818?itemId=6803869928&vendorItemId=70807148100,https://thumbnail10.coupangcdn.com/thumbnails/remote/230x230ex/image/retail/images/5544975687890163-334f7ded-2463-4f21-90dc-83d8490e778e.jpg
멸치,2024-08-01 20:08:39,"청해명가 수산물이력제 통영멸치 국물용, 200g, 1개",4430,10,g,222,로켓배송,https://www.coupang.com/vp/products/6410062251?itemId=13743252668&vendorItemId=80994074695,https://thumbnail6.coupangcdn.com/thumbnails/remote/230x230ex/image/retail/images/2022/03/10/12/3/4a819d99-2501-4621-8f8d-cbf2636af0e2.jpg
멸치/까나리 액젓,2024-08-01 20:08:40,"청정원 까나리 액젓, 3kg, 1개",9900,10,g,33,로켓배송,https://www.coupang.com/vp/products/2119732?itemId=9599947&vendorItemId=3000145284,https://thumbnail6.coupangcdn.com/thumbnails/remote/230x230ex/image/retail/images/886567818550453-cd5799e3-8317-4b35-adab-eb8783ed41c6.jpg
멸치다시다,2024-08-01 20:08:41,"화미 멸치다시, 1kg, 4개",25840,10,g,65,로켓배송,https://www.coupang.com/vp/products/45713?itemId=18038742164&vendorItemId=85193104973,https://thumbnail10.coupangcdn.com/thumbnails/remote/230x230ex/image/retail/images/05dd5d36-a1ca-4a1a-a252-6ab202a95a0e4095422150182657392.png
멸치액젓,2024-08-01 20:08:42,"청정원 멸치액젓, 5kg, 1개",12960,10,g,26,로켓배송,https://www.coupang.com/vp/products/8180142729?itemId=20761927235&vendorItemId=3037177082,https://thumbnail6.coupangcdn.com/thumbnails/remote/230x230ex/image/retail/images/879066650434839-962532b9-29ce-4e29-ad09-32cc2aaf34f8.jpg
묵은지,2024-08-01 20:08:44,"더아삭김치 국내산 전라도 묵은지 김치 100%국내산, 1개, 10kg",52000,100,g,520,,https://www.coupang.com/vp/products/7972893706?itemId=22089152423&vendorItemId=89136165252,https://thumbnail8.coupangcdn.com/thumbnails/remote/230x230ex/image/vendor_inventory/ce52/19062e49ea53d487342a3b08b5cf588efd3f12db22e576e59afaec12c3c5.jpg
문어,2024-08-01 20:08:45,"고마워 데친문어 (냉동), 1.05kg, 1개",39900,10,g,380,로켓배송,https://www.coupang.com/vp/products/7522747043?itemId=19733942636&vendorItemId=86837799914,https://thumbnail8.coupangcdn.com/thumbnails/remote/230x230ex/image/rs_quotation_api/c4zvvoqz/8c502b3d6af9457e9a7bb1ac21778dbf.jpg
물,2024-08-01 20:08:46,"탐사 샘물, 2L, 24개",11490,100,ml,24,로켓배송,https://www.coupang.com/vp/products/7689270513?itemId=20877904748&vendorItemId=87945140914,https://thumbnail10.coupangcdn.com/thumbnails/remote/230x230ex/image/retail/images/6748198422425156-c12f0193-0e3a-4b9b-a7a8-b22e9502dda9.jpg
물(전분물용),2024-08-01 20:08:47,"곰곰 감자전분, 1kg, 1개",4390,100,g,439,로켓배송,https://www.coupang.com/vp/products/7522733692?itemId=19733882650&vendorItemId=86837741791,https://thumbnail6.coupangcdn.com/thumbnails/remote/230x230ex/image/retail/images/1852597268171107-c6ccc49f-9e60-40bc-8555-646c8c49e8b2.jpg
물엿,2024-08-01 20:08:48,"곰곰 물엿, 2.45kg, 1개",6190,100,g,253,로켓배송,https://www.coupang.com/vp/products/7511168002?itemId=19680844973&vendorItemId=86786217870,https://thumbnail8.coupangcdn.com/thumbnails/remote/230x230ex/image/retail/images/13381707216464-06712bba-829d-46c8-9f3a-ae2fbf4dbbb7.jpg
물전분,2024-08-01 20:08:50,"곰곰 감자전분, 1kg, 1개",4390,100,g,439,로켓배송,https://www.coupang.com/vp/products/7522733692?itemId=19733882650&vendorItemId=86837741791,https://thumbnail6.coupangcdn.com/thumbnails/remote/230x230ex/image/retail/images/1852597268171107-c6ccc49f-9e60-40bc-8555-646c8c49e8b2.jpg
미림,2024-08-01 20:08:51,"청정원 생강&매실 맛술, 1개, 1.8L",6620,10,ml,37,로켓배송,https://www.coupang.com/vp/products/7835682215?itemId=25131682&vendorItemId=3037177121,https://thumbnail6.coupangcdn.com/thumbnails/remote/230x230ex/image/retail/images/1249254205427768-63d544c9-bd87-4916-a368-452f000f131c.jpg
미림(멸치볶음용),2024-08-01 20:08:52,"청정원 생강&매실 맛술, 1개, 1.8L",6620,10,ml,37,로켓배송,https://www.coupang.com/vp/products/7835682215?itemId=25131682&vendorItemId=3037177121,https://thumbnail6.coupangcdn.com/thumbnails/remote/230x230ex/image/retail/images/1249254205427768-63d544c9-bd87-4916-a368-452f000f131c.jpg
미역줄기,2024-08-01 20:08:54,"주일상사 염장미역줄기, 1박스, 5kg",11900,10,g,24,로켓배송,https://www.coupang.com/vp/products/7442078498?itemId=19354484467&vendorItemId=86467632754,https://thumbnail8.coupangcdn.com/thumbnails/remote/230x230ex/image/rs_quotation_api/kfsaxruw/ff598cdb40fc467498b13c7e83b2757d.jpg
미원,2024-08-01 20:08:55,"미원 업소용, 1kg, 1개",11830,10,g,118,,https://www.coupang.com/vp/products/7183367791?itemId=18121257471&vendorItemId=88996180140,https://thumbnail8.coupangcdn.com/thumbnails/remote/230x230ex/image/vendor_inventory/55cc/28e89e11a0e5c0fc5182ca905aaa36ec056d148a3a5111ec18d480844d67.jpg
밀가루,2024-08-01 20:08:56,"곰곰 중력다목적용 밀가루, 3kg, 1개",3990,100,g,133,로켓배송,https://www.coupang.com/vp/products/7257694107?itemId=18477853883&vendorItemId=85617748048,https://thumbnail10.coupangcdn.com/thumbnails/remote/230x230ex/image/retail/images/3419146629828407-257238be-cfdc-41cd-881a-b535b88c3b95.jpg
밀가루떡,2024-08-01 20:08:58,"칠갑농산 밀 떡볶이, 1kg, 2개",7400,100,g,370,로켓배송,https://www.coupang.com/vp/products/7351039433?itemId=18916473776&vendorItemId=86043697868,https://thumbnail6.coupangcdn.com/thumbnails/remote/230x230ex/image/retail/images/2023/05/22/13/2/25a7c4aa-9ce4-4836-b19f-047a4f048821.jpg
밀떡,2024-08-01 20:09:00,"식자재왕 밀떡볶이떡 직각, 2kg, 6개",35940,100,g,300,로켓배송,https://www.coupang.com/vp/products/6010083088?itemId=10902002721&vendorItemId=78181863750,https://thumbnail6.coupangcdn.com/thumbnails/remote/230x230ex/image/retail/images/2021/08/03/14/7/fe905697-237f-4012-a3f5-5c536e382ac5.jpg
바다 소금,2024-08-01 20:09:01,"넥톤 마르노토 바다소금, 1kg, 2개",9100,100,g,455,로켓배송,https://www.coupang.com/vp/products/7928194673?itemId=21800503323&vendorItemId=88849085396,https://thumbnail9.coupangcdn.com/thumbnails/remote/230x230ex/image/retail/images/2024/02/29/16/5/baa3c9a3-4e92-479b-9abd-da332a09248a.jpg
밥새우,2024-08-01 20:09:03,"신건호멸치 후리가케 이유식 주먹밥용 밥새우 (냉동), 500g, 1팩",8590,10,g,172,로켓배송,https://www.coupang.com/vp/products/7322533661?itemId=18783975624&vendorItemId=85915283819,https://thumbnail6.coupangcdn.com/thumbnails/remote/230x230ex/image/retail/images/5248592987041391-9754907d-6b6c-459b-a443-fa75505f1226.jpg
볶은 깨,2024-08-01 20:09:04,"오리지널그레인 볶은 통참깨, 2kg, 1개",17980,100,g,899,로켓배송,https://www.coupang.com/vp/products/7574514650?itemId=17716327048&vendorItemId=84881175299,https://thumbnail10.coupangcdn.com/thumbnails/remote/230x230ex/image/retail/images/766316930514427-fac38c83-125d-4d65-b995-c48d45e9ee71.jpg
볶음고추장,2024-08-01 20:09:05,"해찬들 궁중식 쇠고기 볶음고추장 500g, 5개",30570,100,g,1223,,https://www.coupang.com/vp/products/8180613629?itemId=20977150828&vendorItemId=88606345813,https://thumbnail6.coupangcdn.com/thumbnails/remote/230x230ex/image/vendor_inventory/43d4/a7f65bcd34b41935e047bc94354a9ff8de6f8710dd24d3bd4e17112bd1f7.jpg
볶음용멸치,2024-08-01 20:09:07,"조혜정의 멸치연구소 볶음용 멸치 (냉동), 500g, 1개",11800,10,g,236,로켓배송,https://www.coupang.com/vp/products/7816353820?itemId=21216336657&vendorItemId=88277383460,https://thumbnail6.coupangcdn.com/thumbnails/remote/230x230ex/image/retail/images/875233003753832-d0877343-a1b5-4085-93bd-2b6a586577ae.jpg
부추,2024-08-01 20:09:08,"부추 4kg, 1개",16700,100,g,418,,https://www.coupang.com/vp/products/7153505103?itemId=17989410984&vendorItemId=73453966419,https://thumbnail7.coupangcdn.com/thumbnails/remote/230x230ex/image/vendor_inventory/c10b/2747a242ba86ca2a92e6da786b35d84b37feaf48bf4ffca8981f22b00745.jpg
붉은 고추,2024-08-01 20:09:09,"국내산 풋고추, 150g, 1개",2500,100,g,1667,로켓배송,https://www.coupang.com/vp/products/4778058800?itemId=6106221380&vendorItemId=73402572034,https://thumbnail7.coupangcdn.com/thumbnails/remote/230x230ex/image/retail/images/12354864724830-56c81f47-9181-49b8-8814-46a177ca027e.jpg
브로콜리,2024-08-01 20:09:10,"브로콜리 (냉동), 1kg, 2개",8590,100,g,430,로켓배송,https://www.coupang.com/vp/products/7762667800?itemId=20937085721&vendorItemId=88003421394,https://thumbnail10.coupangcdn.com/thumbnails/remote/230x230ex/image/retail/images/5014356809822097-bad3e57b-a914-4da6-985f-420a067539be.jpg
빨간 피망,2024-08-01 20:09:11,"국내산 빨강파프리카, 1kg, 1개",9500,100,g,950,로켓배송,https://www.coupang.com/vp/products/5932868429?itemId=10547931305&vendorItemId=77829388547,https://thumbnail8.coupangcdn.com/thumbnails/remote/230x230ex/image/retail/images/477977350260-ff0c0787-cb0f-4c2c-a819-1da6959af818.jpg
사각 어묵,2024-08-01 20:09:12,"대림선 부산 어묵 풍년마당, 1000g, 4개",17750,10,g,44,로켓배송,https://www.coupang.com/vp/products/305534577?itemId=19224737819&vendorItemId=86341408913,https://thumbnail6.coupangcdn.com/thumbnails/remote/230x230ex/image/retail/images/b96035c1-1314-4bad-8d98-4e5dd13049117285443045343073623.png
사각어묵,2024-08-01 20:09:14,"대림선 부산 어묵 풍년마당, 1000g, 4개",17750,10,g,44,로켓배송,https://www.coupang.com/vp/products/305534577?itemId=19224737819&vendorItemId=86341408913,https://thumbnail6.coupangcdn.com/thumbnails/remote/230x230ex/image/retail/images/b96035c1-1314-4bad-8d98-4e5dd13049117285443045343073623.png
삶은달걀,2024-08-01 20:09:15,"녹색계란 구운란 30구, 1개",8990,1,구,300,로켓배송,https://www.coupang.com/vp/products/6993963805?itemId=17126540959&vendorItemId=84299755867,https://thumbnail6.coupangcdn.com/thumbnails/remote/230x230ex/image/retail/images/2022/12/08/15/4/9bed4578-a114-4c03-a918-07a4629a3b7f.jpg
삼겹살,2024-08-01 20:09:16,"벌집삼겹살500g 2kg내외, 4개, 500g",24900,100,g,1245,,https://www.coupang.com/vp/products/6352997757?itemId=18189860058&vendorItemId=80630761353,https://thumbnail6.coupangcdn.com/thumbnails/remote/230x230ex/image/vendor_inventory/d139/686790f3a505881d3daf969af387c3976abfc6bb419f3a14fe17a2033b2d.jpg
삼겹살(또는 오겹살),2024-08-01 20:09:17,"한돈 삼겹살 구이용 (냉장), 1kg, 1개",23900,100,g,2390,로켓배송,https://www.coupang.com/vp/products/4399008896?itemId=5222929033&vendorItemId=72532026516,https://thumbnail8.coupangcdn.com/thumbnails/remote/230x230ex/image/retail/images/1320601085767831-d9cb2b2b-4db2-4316-b34c-0981ec57b130.jpg
삼겹살(오겹살),2024-08-01 20:09:18,"곰곰 오겹살 수육용 (냉동), 2kg, 1개",22600,100,g,1130,로켓배송,https://www.coupang.com/vp/products/8054024987?itemId=22600129280&vendorItemId=89641785819,https://thumbnail7.coupangcdn.com/thumbnails/remote/230x230ex/image/retail/images/3492344551902441-c0bf9fce-a094-4bf6-9498-3873a25d3440.jpg
새송이버섯,2024-08-01 20:09:19,"못생겨도 맛있는 미니 새송이버섯, 500g, 1개",1990,100,g,398,로켓배송,https://www.coupang.com/vp/products/7608447401?itemId=20144366275&vendorItemId=87237662250,https://thumbnail6.coupangcdn.com/thumbnails/remote/230x230ex/image/retail/images/4520348110700457-e162ae7f-c08a-458f-afaf-c39d56325e5b.jpg
새우젓,2024-08-01 20:09:20,"오늘의젓갈 씨엔 새우젓, 5kg, 1개",26900,10,g,54,로켓배송,https://www.coupang.com/vp/products/6056082453?itemId=11117762162&vendorItemId=78396512166,https://thumbnail9.coupangcdn.com/thumbnails/remote/230x230ex/image/retail/images/1681940318805620-f863326a-ca88-4b98-a0a9-e60cf75999c1.jpg
새콤하게 익은 배추김치,2024-08-01 20:09:21,"맛있게 익은 배추김치 10kg / HACCP인증, 1개",16500,100,g,165,,https://www.coupang.com/vp/products/315501650?itemId=1003104022&vendorItemId=70397886753,https://thumbnail9.coupangcdn.com/thumbnails/remote/230x230ex/image/vendor_inventory/284b/c92e764967439d917ef529dcd1ad8250f720fbc00d34489f63881aa7b36f.jpg
샐러리,2024-08-01 20:09:23,"국내산 통 셀러리, 2kg, 1개",8980,100,g,449,로켓배송,https://www.coupang.com/vp/products/8146749371?itemId=23167797131&vendorItemId=90200577934,https://thumbnail7.coupangcdn.com/thumbnails/remote/230x230ex/image/retail/images/3313702077696528-8e7b1d2c-29b8-4fc8-90cd-1a8e87fc4383.jpg
생강,2024-08-01 20:09:24,"국내산 흙생강, 1kg, 1개",10490,100,g,1049,로켓배송,https://www.coupang.com/vp/products/4882077922?itemId=6357828817&vendorItemId=73653107659,https://thumbnail7.coupangcdn.com/thumbnails/remote/230x230ex/image/retail/images/187509298459646-4e804214-4fdf-42e1-acc8-bca986b75e58.jpg
생강술,2024-08-01 20:09:25,"청정원 생강&매실 맛술, 1개, 1.8L",6620,10,ml,37,로켓배송,https://www.coupang.com/vp/products/7835682215?itemId=25131682&vendorItemId=3037177121,https://thumbnail6.coupangcdn.com/thumbnails/remote/230x230ex/image/retail/images/1249254205427768-63d544c9-bd87-4916-a368-452f000f131c.jpg
생강즙,2024-08-01 20:09:26,"생강(건강)진액 100mlx60포(1박스) 좋은 원료로 깊고 진한 생강의 맛을 낸 생강즙 (한방건강마을), 60개, 100ml",23800,10,ml,40,,https://www.coupang.com/vp/products/6546071984?itemId=14594312260&vendorItemId=81836212128,https://thumbnail7.coupangcdn.com/thumbnails/remote/230x230ex/image/vendor_inventory/af2e/a64639ffdc87c293aa19f40f42ce51a475be52005618854b5f01b5ba271e.jpg
생강즙(희석한 것),2024-08-01 20:09:27,"생강(건강)진액 100mlx60포(1박스) 좋은 원료로 깊고 진한 생강의 맛을 낸 생강즙 (한방건강마을), 60개, 100ml",23800,10,ml,40,,https://www.coupang.com/vp/products/6546071984?itemId=14594312260&vendorItemId=81836212128,https://thumbnail7.coupangcdn.com/thumbnails/remote/230x230ex/image/vendor_inventory/af2e/a64639ffdc87c293aa19f40f42ce51a475be52005618854b5f01b5ba271e.jpg
생강청,2024-08-01 20:09:29,"담터 꿀생강차A, 1kg, 1개입, 1개",7510,10,g,75,로켓배송,https://www.coupang.com/vp/products/7804235495?itemId=21144195451&vendorItemId=85102332568,https://thumbnail9.coupangcdn.com/thumbnails/remote/230x230ex/image/retail/images/2023/02/17/12/3/0cebec9c-ea1a-4fda-87f9-d6fe13298aa4.jpg
생수,2024-08-01 20:09:30,"동원샘물 생수, 2L, 12개",6840,100,ml,29,로켓배송,https://www.coupang.com/vp/products/6485147801?itemId=21427650049&vendorItemId=86493934909,https://thumbnail9.coupangcdn.com/thumbnails/remote/230x230ex/image/retail/images/4872694785419041-0a02fc1b-088d-4509-9651-e706e34c3449.jpg
설탕,2024-08-01 20:09:31,"큐원 갈색설탕, 15kg, 1개",27440,100,g,183,로켓배송,https://www.coupang.com/vp/products/2146550469?itemId=18359611953&vendorItemId=70805870305,https://thumbnail10.coupangcdn.com/thumbnails/remote/230x230ex/image/retail/images/2020/05/28/18/6/fe00fd33-eaaf-4d6b-b18a-9c80d4ccc0d3.jpg
설탕(원당),2024-08-01 20:09:32,"캐인슈가 비정제 원당 20kg (10kgx2포)/미트폴 프리미엄 갈색설탕 비정제설탕, 10kg, 2개",41540,100,g,208,,https://www.coupang.com/vp/products/1275235692?itemId=18774436616&vendorItemId=3178102819,https://thumbnail10.coupangcdn.com/thumbnails/remote/230x230ex/image/vendor_inventory/bae5/e9c4e2afa453aa9fa378d75b43107046ebc43148ab60961228b01c914119.jpg
세멸치,2024-08-01 20:09:34,"이어수산 볶음용 멸치 (냉동), 500g, 1봉",13930,10,g,279,로켓배송,https://www.coupang.com/vp/products/1333039253?itemId=2357889705&vendorItemId=70354320501,https://thumbnail6.coupangcdn.com/thumbnails/remote/230x230ex/image/retail/images/2881132363310822-ef6ba9a0-a101-4a53-86f2-16362712c39c.jpg
소고기,2024-08-01 20:09:35,"고급진 한우 양념 불고기 (냉장), 1kg, 1개",19400,100,g,1940,로켓배송,https://www.coupang.com/vp/products/7241195795?itemId=18398957884&vendorItemId=85541804155,https://thumbnail9.coupangcdn.com/thumbnails/remote/230x230ex/image/retail/images/2092314074261283-f096bf1f-39f4-4173-ab3b-c68e3f51e8e5.jpg
소고기 갈비살,2024-08-01 20:09:36,"미트지엥 호주산 곡물비육 갈비살 구이 400g (냉장), 2개",26220,100,g,3278,로켓배송,https://www.coupang.com/vp/products/6130949699?itemId=19272576080&vendorItemId=86387738639,https://thumbnail9.coupangcdn.com/thumbnails/remote/230x230ex/image/retail/images/3c3f2f9e-a626-4671-9b33-8e8220ebf29c592477545973498824.png
소고기 다짐육,2024-08-01 20:09:37,"딜리조이 호주산 소고기 앞다리살 다짐육 (냉장), 400g, 1개",9390,100,g,2348,로켓배송,https://www.coupang.com/vp/products/6456552871?itemId=14035927668&vendorItemId=81283942019,https://thumbnail6.coupangcdn.com/thumbnails/remote/230x230ex/image/retail/images/6259896162905900-ca72adf6-10eb-4e3f-a1e4-a2c438c661d1.jpg
소금,2024-08-01 20:09:38,"식용 A등급 수입 천일염 20kg 대용량 왕소금 중국산 굵은 소금, 1개",20000,100,g,100,,https://www.coupang.com/vp/products/7639921549?itemId=20296510348&vendorItemId=85916280487,https://thumbnail10.coupangcdn.com/thumbnails/remote/230x230ex/image/vendor_inventory/7b2f/bd1b494236dd2e2df7e1845856401ef1dd06509ea6e5bc918aefe9a9b04b.jpg
소금 ,2024-08-01 20:09:39,"해표 꽃소금, 1kg, 1개",2010,100,g,201,로켓배송,https://www.coupang.com/vp/products/7118404111?itemId=17816578760&vendorItemId=84980517084,https://thumbnail8.coupangcdn.com/thumbnails/remote/230x230ex/image/retail/images/2023/02/07/11/3/ef33ce49-5285-4677-9d74-f0a9e111f198.jpg
소금(1/2작은술),2024-08-01 20:09:40,"해표 꽃소금, 1kg, 1개",2010,100,g,201,로켓배송,https://www.coupang.com/vp/products/7118404111?itemId=17816578760&vendorItemId=84980517084,https://thumbnail8.coupangcdn.com/thumbnails/remote/230x230ex/image/retail/images/2023/02/07/11/3/ef33ce49-5285-4677-9d74-f0a9e111f198.jpg
소불고기(300g),2024-08-01 20:09:42,"The 고기듬뿍 양념 소불고기, 1팩, 1kg",16500,100,g,1650,로켓배송,https://www.coupang.com/vp/products/7759292161?itemId=20920765976&vendorItemId=87987620409,https://thumbnail10.coupangcdn.com/thumbnails/remote/230x230ex/image/retail/images/1188598906176360-bcaa2ada-030a-4cfd-8860-99ad0012c112.jpg
소세지,2024-08-01 20:09:43,"롯데햄 맛있는 비엔나 소시지, 1kg, 1개",7740,10,g,77,로켓배송,https://www.coupang.com/vp/products/7548434369?itemId=19859604788&vendorItemId=86960591694,https://thumbnail7.coupangcdn.com/thumbnails/remote/230x230ex/image/retail/images/384265164440937-9f76905b-2380-463a-a511-c9d95417e5ae.jpg
소시지,2024-08-01 20:09:44,"롯데햄 맛있는 비엔나 소시지, 1kg, 1개",7740,10,g,77,로켓배송,https://www.coupang.com/vp/products/7548434369?itemId=19859604788&vendorItemId=86960591694,https://thumbnail7.coupangcdn.com/thumbnails/remote/230x230ex/image/retail/images/384265164440937-9f76905b-2380-463a-a511-c9d95417e5ae.jpg
소주,2024-08-01 20:09:45,"담금주 30도 3.6L 4병 오미주 담금소주 담금주술 담금주용, 4개",48000,100,ml,333,,https://www.coupang.com/vp/products/8243660063?itemId=21318374904&vendorItemId=86696356042,https:https://img1a.coupangcdn.com/image/coupang/list/adultProduct_plp.png
소주 또는 맛술,2024-08-01 20:09:46,"청정원 쉐프원미작, 2kg, 2개",8120,10,g,20,로켓배송,https://www.coupang.com/vp/products/2517202?itemId=513909655&vendorItemId=4322627626,https://thumbnail9.coupangcdn.com/thumbnails/remote/230x230ex/image/retail/images/3828188459522639-097f22f2-eb10-467e-a5f8-d56a9d83c7de.jpg
쇠고기 안심,2024-08-01 20:09:47,"미트지엥 호주산 우안심 스테이크용 (냉장), 300g, 2팩",25020,100,g,4170,로켓배송,https://www.coupang.com/vp/products/1524431303?itemId=19225067848&vendorItemId=86341723654,https://thumbnail10.coupangcdn.com/thumbnails/remote/230x230ex/image/retail/images/03fd655e-0bfc-4692-97e8-f1430cb64116620948872768528576.png
순대,2024-08-01 20:09:48,"곰곰 장충동식 찰순대, 1kg, 1개",6100,100,g,610,로켓배송,https://www.coupang.com/vp/products/1490436256?itemId=2558681137&vendorItemId=70551215486,https://thumbnail7.coupangcdn.com/thumbnails/remote/230x230ex/image/retail/images/560065482092721-92868e97-a4ca-4082-af97-b72e6b19ce3c.jpg
순한맛라면,2024-08-01 20:09:50,"오뚜기 진라면 순한맛, 40개",22240,1,개,556,로켓배송,https://www.coupang.com/vp/products/5587102353?itemId=18625876573&vendorItemId=3054766842,https://thumbnail6.coupangcdn.com/thumbnails/remote/230x230ex/image/retail/images/62299814265832-5b179d6e-6ae5-4f8b-acc7-fe8b595d20b2.png
슬라이스 마늘1/2컵,2024-08-01 20:09:52,"마당발 편마늘 (냉동), 1kg, 3개",15390,100,g,513,로켓배송,https://www.coupang.com/vp/products/6890446561?itemId=19272809794&vendorItemId=86387965969,https://thumbnail7.coupangcdn.com/thumbnails/remote/230x230ex/image/retail/images/95ff0de3-a9c6-44e7-bbd7-1570df1b773a581357480107508054.png
식용유,2024-08-01 20:09:53,"해표 식용유, 1.8L, 5개",28000,100,ml,311,로켓배송,https://www.coupang.com/vp/products/487322?itemId=12419031959&vendorItemId=84994382062,https://thumbnail8.coupangcdn.com/thumbnails/remote/230x230ex/image/retail/images/99587635365074-575db27f-bb65-483a-b5b3-77143f73cb48.jpg
식초,2024-08-01 20:09:55,"오뚜기 양조식초 18L, 1개",14970,10,ml,8,로켓배송,https://www.coupang.com/vp/products/8179795483?itemId=3900978&vendorItemId=3004663263,https://thumbnail6.coupangcdn.com/thumbnails/remote/230x230ex/image/retail/images/4076040557935910-8d249e23-c0fa-4257-9ebe-9e0cf74388c0.jpg
쌀 조청,2024-08-01 20:09:57,"청정원 조청쌀엿, 5kg, 2개",29200,100,g,292,로켓배송,https://www.coupang.com/vp/products/8202570722?itemId=3815887834&vendorItemId=85929841606,https://thumbnail7.coupangcdn.com/thumbnails/remote/230x230ex/image/retail/images/18de7fc7-d5a4-4a52-90c5-b0dae0db085f1590254721991926957.png
쌀떡,2024-08-01 20:09:59,"오마뎅 진짜 우리쌀 가래떡 (냉동), 480g, 2개",9800,10,g,102,로켓배송,https://www.coupang.com/vp/products/7373342305?itemId=19025317618&vendorItemId=86149546155,https://thumbnail6.coupangcdn.com/thumbnails/remote/230x230ex/image/retail/images/827098358299553-c1740ace-6d09-46eb-bd99-98a6e7efaec3.jpg
아몬드,2024-08-01 20:10:00,"서래푸드 구운아몬드 1kg, 1개",12700,10,g,127,,https://www.coupang.com/vp/products/7749545760?itemId=20905993208&vendorItemId=75164219219,https://thumbnail6.coupangcdn.com/thumbnails/remote/230x230ex/image/vendor_inventory/9148/e5246299ae4e0fc015c431a22db364f096ac0adeae85632a4c787f17b19f.jpg
액젓,2024-08-01 20:10:02,"청정원 멸치액젓, 5kg, 1개",12960,10,g,26,로켓배송,https://www.coupang.com/vp/products/8180142729?itemId=20761927235&vendorItemId=3037177082,https://thumbnail6.coupangcdn.com/thumbnails/remote/230x230ex/image/retail/images/879066650434839-962532b9-29ce-4e29-ad09-32cc2aaf34f8.jpg
얇은 사각어묵,2024-08-01 20:10:04,"부산진어묵 사각 2.8kg 대용량, 1개",13360,10,g,48,,https://www.coupang.com/vp/products/7249338474?itemId=18436849513&vendorItemId=85578142171,https://thumbnail9.coupangcdn.com/thumbnails/remote/230x230ex/image/vendor_inventory/6b99/60455477b62a2b15ea5cda8452308eda36fcac8574beab4f5fea3322ea6a.jpg
양념장: 고추장,2024-08-01 20:10:06,"사조 순창궁 양념 쌈장 지함, 14kg, 1개",26590,100,g,190,로켓배송,https://www.coupang.com/vp/products/7813042432?itemId=21197719102&vendorItemId=85486327166,https://thumbnail9.coupangcdn.com/thumbnails/remote/230x230ex/image/retail/images/877263941223606-692cf72f-1d73-4796-bdf7-d6c56eca63f4.jpg
양념장: 고춧가루,2024-08-01 20:10:07,"신대감 옹고집 고추가루 보통맛 찜 무침용, 1kg, 1개",12900,100,g,1290,로켓배송,https://www.coupang.com/vp/products/2305501453?itemId=3973779023&vendorItemId=71958121034,https://thumbnail7.coupangcdn.com/thumbnails/remote/230x230ex/image/retail/images/2020/07/30/16/7/75efed24-6630-4732-80bc-6b9d237613cd.jpg
양념장: 다진마늘,2024-08-01 20:10:09,"농우 간편 뚝딱 다진마늘 (냉동), 1kg, 5팩",18250,10,g,37,로켓배송,https://www.coupang.com/vp/products/6012228407?itemId=10910051311&vendorItemId=78189867054,https://thumbnail8.coupangcdn.com/thumbnails/remote/230x230ex/image/retail/images/874681266079464-05b9c45c-d0f5-43f9-95fb-f3eff54f68a5.jpg
양념장: 맛술,2024-08-01 20:10:11,"해표 맛술, 500ml, 1개",2950,10,ml,59,로켓배송,https://www.coupang.com/vp/products/6626336920?itemId=22012026924&vendorItemId=89780313506,https://thumbnail7.coupangcdn.com/thumbnails/remote/230x230ex/image/vendor_inventory/c0fc/f4740883f1551c296fa9e175dce9b8d0030f77c4dfb780f04ae904c5d76f.jpg
양념장: 물엿,2024-08-01 20:10:12,"곰곰 물엿, 2.45kg, 1개",6190,100,g,253,로켓배송,https://www.coupang.com/vp/products/7511168002?itemId=19680844973&vendorItemId=86786217870,https://thumbnail8.coupangcdn.com/thumbnails/remote/230x230ex/image/retail/images/13381707216464-06712bba-829d-46c8-9f3a-ae2fbf4dbbb7.jpg
양념장: 참기름,2024-08-01 20:10:14,"오뚜기 옛날 참기름, 500ml, 1개",7230,10,ml,145,로켓배송,https://www.coupang.com/vp/products/7235432441?itemId=19636227&vendorItemId=3028750268,https://thumbnail7.coupangcdn.com/thumbnails/remote/230x230ex/image/retail/images/39825140779715-16434178-58b4-4f09-b09f-7a9c0d421bcd.jpg
양념장: 후추,2024-08-01 20:10:16,"곰곰 순후추, 100g, 1개",3680,10,g,368,로켓배송,https://www.coupang.com/vp/products/8106658186?itemId=22948706847&vendorItemId=89982977047,https://thumbnail10.coupangcdn.com/thumbnails/remote/230x230ex/image/retail/images/821041352072604-46fa4ac7-5b7c-48c7-8d28-ee36982150ab.jpg
양배추,2024-08-01 20:10:17,"곰곰 국내산 양배추 1/2통, 500g, 1개",1990,100,g,398,로켓배송,https://www.coupang.com/vp/products/6258890122?itemId=12731571135&vendorItemId=79998120417,https://thumbnail9.coupangcdn.com/thumbnails/remote/230x230ex/image/retail/images/7532952550087039-f9e2e389-cf67-4441-b445-cf29f2cfab13.jpg
양조간장,2024-08-01 20:10:19,"샘표 양조간장 501, 15L, 1개",52440,100,ml,350,로켓배송,https://www.coupang.com/vp/products/7978072936?itemId=18204495963&vendorItemId=3008200209,https://thumbnail7.coupangcdn.com/thumbnails/remote/230x230ex/image/retail/images/816022300154121-9adc7900-0dcc-48bd-b85e-417583f34036.png
양조간장(또는 진간장),2024-08-01 20:10:21,"청정원 두번달여 더진한 진간장, 1.7L, 1개",5000,100,ml,294,로켓배송,https://www.coupang.com/vp/products/6659186523?itemId=15281503670&vendorItemId=82501995070,https://thumbnail7.coupangcdn.com/thumbnails/remote/230x230ex/image/retail/images/414553150614795-3965fc4d-2d27-4d62-832f-2421895f4a70.jpg
양조간장(진간장),2024-08-01 20:10:22,"청정원 햇살담은 진간장 골드, 15L, 1개",20480,100,ml,137,로켓배송,https://www.coupang.com/vp/products/7123565492?itemId=17842389919&vendorItemId=85005958349,https://thumbnail8.coupangcdn.com/thumbnails/remote/230x230ex/image/retail/images/2023/02/08/17/5/7b03b630-99a9-4904-9a99-edee74f5df92.jpg
양파,2024-08-01 20:10:23,"국내산 양파, 5kg, 1개",6610,100,g,132,로켓배송,https://www.coupang.com/vp/products/6258806325?itemId=8339724411&vendorItemId=75627534291,https://thumbnail8.coupangcdn.com/thumbnails/remote/230x230ex/image/retail/images/5892067031719-7c17f7d9-85bf-4606-8879-59faefae79aa.jpg
어간장,2024-08-01 20:10:24,"청정원 어간장, 4개, 830ml",21020,100,ml,633,로켓배송,https://www.coupang.com/vp/products/7442529297?itemId=19356381865&vendorItemId=85321070268,https://thumbnail8.coupangcdn.com/thumbnails/remote/230x230ex/image/retail/images/4541421654195925-b3dad28c-c95c-44bc-9819-37d2b247b366.jpg
어묵,2024-08-01 20:10:25,"대림선 부산 어묵 마당놀이2 20장, 1000g, 2개",10820,10,g,54,로켓배송,https://www.coupang.com/vp/products/305534661?itemId=19224743914&vendorItemId=86341415171,https://thumbnail7.coupangcdn.com/thumbnails/remote/230x230ex/image/retail/images/547ebaa3-554f-4cf8-a5bd-64aa42f4ebda3847151461704951545.png
연겨자,2024-08-01 20:10:26,"[오뚜기] 오쉐프 연겨자, 480g, 1개",5440,10,g,113,로켓배송,https://www.coupang.com/vp/products/402094?itemId=1053284&vendorItemId=3000999338,https://thumbnail9.coupangcdn.com/thumbnails/remote/230x230ex/image/product/image/vendoritem/2016/06/27/3000999338/8163e2e8-2228-4065-8e76-7a2591059262.jpg
연두부,2024-08-01 20:10:27,"[다만세푸드] 아워홈 연두부 100g x 20개 / 생식용 저칼로리, 30개",10050,100,g,335,,https://www.coupang.com/vp/products/6939001735?itemId=16820049502&vendorItemId=88945987741,https://thumbnail7.coupangcdn.com/thumbnails/remote/230x230ex/image/vendor_inventory/2d89/5d4cdb172b18777f9a3b754ab9ae32507fc5fb798e175d3321f6d00abdb2.jpg
염장미역,2024-08-01 20:10:28,"염장미역, 3kg, 1박스",9900,10,g,33,로켓배송,https://www.coupang.com/vp/products/7530536854?itemId=19771264484&vendorItemId=86874329912,https://thumbnail10.coupangcdn.com/thumbnails/remote/230x230ex/image/rs_quotation_api/jgxp37xk/72dba979ca524165ac2796d3c085eb3a.jpg
오겹살,2024-08-01 20:10:30,"미트코리아 오겹살 구이용 1.2cm (냉동), 2kg, 2개",47850,100,g,1196,로켓배송,https://www.coupang.com/vp/products/6994686038?itemId=19725220872&vendorItemId=86829277890,https://thumbnail8.coupangcdn.com/thumbnails/remote/230x230ex/image/retail/images/074ba48e-8909-42ed-b4df-44c566cecc117778394329477542612.png
옥수수 전분,2024-08-01 20:10:31,"CJ 이츠웰 옥수수전분 20Kg 옥수수 100% 전분 업소용 대용량 (무료배송), 1개",28800,100,g,144,,https://www.coupang.com/vp/products/7368443607?itemId=21417830996&vendorItemId=90429566864,https://thumbnail7.coupangcdn.com/thumbnails/remote/230x230ex/image/vendor_inventory/e6d0/803b206ab8a0d8ca06265e3ff53afbc27ed6717b3590749416488e733635.jpg
올리고당,2024-08-01 20:10:32,"큐원 올리고당 1.2kg 식이섬유, 1개",12500,10,g,104,,https://www.coupang.com/vp/products/8228911590?itemId=23676555048&vendorItemId=90774576405,https://thumbnail6.coupangcdn.com/thumbnails/remote/230x230ex/image/vendor_inventory/c34a/9a0dfe560956fa12d2a6c400c9389710dd06a4c94ccda9b4d37e3b399264.jpg
올리브 오일,2024-08-01 20:10:33,"+캡틴 포마스 올리브오일, 1개, 5L",29900,100,ml,598,,https://www.coupang.com/vp/products/7645786202?itemId=20329443909&vendorItemId=90171534314,https://thumbnail6.coupangcdn.com/thumbnails/remote/230x230ex/image/vendor_inventory/6de7/c1da642387f5377b5cfe14dc25cbe92e0341670a6e6562c5ceccd55fa519.jpg
올리브유,2024-08-01 20:10:35,"캡틴 포마스 올리브유, 1개, 5L",28800,100,ml,576,,https://www.coupang.com/vp/products/7660993132?itemId=20410292068&vendorItemId=87518479970,https://thumbnail6.coupangcdn.com/thumbnails/remote/230x230ex/image/vendor_inventory/0a9d/d96041328fc09ef5f06ec621a64ebf5355145a42b32f6674e968b46bc5f4.jpg
요리술,2024-08-01 20:10:36,"청정원 생강&매실 맛술, 1개, 1.8L",6620,10,ml,37,로켓배송,https://www.coupang.com/vp/products/7835682215?itemId=25131682&vendorItemId=3037177121,https://thumbnail6.coupangcdn.com/thumbnails/remote/230x230ex/image/retail/images/1249254205427768-63d544c9-bd87-4916-a368-452f000f131c.jpg
우동,2024-08-01 20:10:37,"생생우동면 봉지, 253g, 8개",14300,100,g,707,로켓배송,https://www.coupang.com/vp/products/7709185473?itemId=20660556218&vendorItemId=84993758087,https://thumbnail10.coupangcdn.com/thumbnails/remote/230x230ex/image/retail/images/875617936065470-97542d73-2449-4029-acf6-208db89093a0.jpg
우동면,2024-08-01 20:10:38,"한성 우동사리, 200g, 80개",33510,100,g,209,로켓배송,https://www.coupang.com/vp/products/7038378934?itemId=19565926552&vendorItemId=86673792984,https://thumbnail10.coupangcdn.com/thumbnails/remote/230x230ex/image/retail/images/b334feb2-0a92-4bc5-84a1-a9b9ab64a152118815280365165465.png
원당,2024-08-01 20:10:39,"오르코 비정제 천연당, 1개, 15kg",29500,100,g,197,로켓배송,https://www.coupang.com/vp/products/8202912493?itemId=15750217610&vendorItemId=82963967074,https://thumbnail6.coupangcdn.com/thumbnails/remote/230x230ex/image/retail/images/7807778498160694-c914cefa-f0b7-4520-bbb9-4f4cb61fb025.jpg
월계수,2024-08-01 20:10:40,"특 대용량 월계수잎 1kg 터키산, 1개",17900,10,g,179,,https://www.coupang.com/vp/products/6441793783?itemId=13947386404&vendorItemId=88897462430,https://thumbnail6.coupangcdn.com/thumbnails/remote/230x230ex/image/vendor_inventory/1e2e/e0e25951adc42f0136207594d1214536c43cac4424b78c7dd3b85d764f40.jpg
월계수잎,2024-08-01 20:10:41,"특 대용량 월계수잎 1kg 터키산, 1개",17900,10,g,179,,https://www.coupang.com/vp/products/6441793783?itemId=13947386404&vendorItemId=88897462430,https://thumbnail6.coupangcdn.com/thumbnails/remote/230x230ex/image/vendor_inventory/1e2e/e0e25951adc42f0136207594d1214536c43cac4424b78c7dd3b85d764f40.jpg
자색 양파,2024-08-01 20:10:42,"(광평) 24년 단단한 무안 자색양파 3kg 5kg 10kg 중대혼합 산지직송, 자색양파 소 5Kg, 1개",12500,100,g,250,,https://www.coupang.com/vp/products/7432127827?itemId=19305568213&vendorItemId=86419925318,https://thumbnail8.coupangcdn.com/thumbnails/remote/230x230ex/image/vendor_inventory/be6b/3671cbf8117660a14c621e01e982a588e28c283772edfe244f2ba5c7d52d.jpg
잔멸치,2024-08-01 20:10:43,"국산 볶음용 어린이 세세멸치 1.5kg (상급) 우리바다자연식품, 1개",32500,10,g,217,,https://www.coupang.com/vp/products/7849575339?itemId=21391911290&vendorItemId=78487153048,https://thumbnail8.coupangcdn.com/thumbnails/remote/230x230ex/image/vendor_inventory/b4f7/fd0544f9119c7be51eae58f22d59f09805c4e80b280dadb0001390c7d174.jpg
잔멸치(아주 작은 세멸)100g,2024-08-01 20:10:44,"조혜정의 멸치연구소 볶음용 멸치 (냉동), 500g, 1개",11800,10,g,236,로켓배송,https://www.coupang.com/vp/products/7816353820?itemId=21216336657&vendorItemId=88277383460,https://thumbnail6.coupangcdn.com/thumbnails/remote/230x230ex/image/retail/images/875233003753832-d0877343-a1b5-4085-93bd-2b6a586577ae.jpg
잣,2024-08-01 20:10:46,"평창잣농원 파지잣1kg ( 깨진잣으로 정품과 많은 차이가 있음 ) 죽용 갈아먹는용, 1개, 1kg",73000,10,g,730,,https://www.coupang.com/vp/products/8248129902?itemId=23742105740&vendorItemId=90766701186,https://thumbnail9.coupangcdn.com/thumbnails/remote/230x230ex/image/vendor_inventory/4ae3/7d3194b51bb5297fe8d1a935a82b923cf44afdd01756715d7e0b3d732fe7.jpg
잣(선택),2024-08-01 20:10:47,"내촌잣 1kg황잣 가평잣, 1개, 1kg",109990,10,g,1100,,https://www.coupang.com/vp/products/77902409?itemId=251807855&vendorItemId=3086243752,https://thumbnail6.coupangcdn.com/thumbnails/remote/230x230ex/image/vendor_inventory/images/2017/01/11/19/9/d2182b8d-b903-4562-b87a-80f416985007.jpg
재료명1,2024-08-01 20:10:48,"맛깔 솜사탕재료 B형 맛깔슈가 4종 x 1kg + 나무스틱 400p 세트, 1세트, 4kg",27460,10,g,69,로켓배송,https://www.coupang.com/vp/products/5428056580?itemId=8218424974&vendorItemId=75506493402,https://thumbnail8.coupangcdn.com/thumbnails/remote/230x230ex/image/retail/images/2021/04/29/10/8/de2cf43c-273b-4967-8158-9b64c8c13022.jpg
전분,2024-08-01 20:10:49,"곰곰 감자전분, 1kg, 1개",4390,100,g,439,로켓배송,https://www.coupang.com/vp/products/7522733692?itemId=19733882650&vendorItemId=86837741791,https://thumbnail6.coupangcdn.com/thumbnails/remote/230x230ex/image/retail/images/1852597268171107-c6ccc49f-9e60-40bc-8555-646c8c49e8b2.jpg
전분가루,2024-08-01 20:10:50,"금하 혼합 감자전분, 1kg, 6개",19080,100,g,318,로켓배송,https://www.coupang.com/vp/products/5961048132?itemId=18819786949&vendorItemId=85950136000,https://thumbnail9.coupangcdn.com/thumbnails/remote/230x230ex/image/retail/images/1bd378ba-4256-4abf-adc0-5b58fc1f0862124733590241923869.png
정수물,2024-08-01 20:10:51,"탐사 샘물, 2L, 36개",15690,100,ml,22,로켓배송,https://www.coupang.com/vp/products/7689270513?itemId=20877904962&vendorItemId=87945141063,https://thumbnail8.coupangcdn.com/thumbnails/remote/230x230ex/image/retail/images/1077787963868499-c1e46ca7-d157-4de0-ad8e-063b93ac490d.jpg
조청,2024-08-01 20:10:52,"청정원 조청쌀엿, 5kg, 1개",15480,100,g,310,로켓배송,https://www.coupang.com/vp/products/8202570722?itemId=22751062&vendorItemId=3033281192,https://thumbnail10.coupangcdn.com/thumbnails/remote/230x230ex/image/retail/images/437834738694772-4be8c5bb-a2ff-4238-9024-3b26b896646e.jpg
조청(물엿),2024-08-01 20:10:53,"맥아물엿 강남식품 15KG, 1개",54500,100,g,363,,https://www.coupang.com/vp/products/8129271755?itemId=23083491466&vendorItemId=90789181787,https://thumbnail9.coupangcdn.com/thumbnails/remote/230x230ex/image/vendor_inventory/4c6b/b39c7256f35307dfe3cae2c637c5e82197ce046858da0d4594e8f9f3a230.jpg
조청쌀엿,2024-08-01 20:10:54,"청정원 조청쌀엿, 5kg, 3개",43620,100,g,291,로켓배송,https://www.coupang.com/vp/products/8202570722?itemId=10104584660&vendorItemId=85929841698,https://thumbnail7.coupangcdn.com/thumbnails/remote/230x230ex/image/retail/images/b4eb36be-7b49-4532-856a-b88615e3631a1848092172661924616.png
중간 대파,2024-08-01 20:10:55,"[품질보장] 프리미엄 수입 손질 우승대파 업소용 식자재용 중국산 약10kg, 10kg, 1개",24800,100,g,248,,https://www.coupang.com/vp/products/7463554652?itemId=19459376019&vendorItemId=75939343495,https://thumbnail9.coupangcdn.com/thumbnails/remote/230x230ex/image/vendor_inventory/af70/91167222970c0ad5fe82bf7bfdd910e89fd2411c80d793d5c37ab4637d44.jpg
진(양조)간장,2024-08-01 20:10:56,"쉐프원 진간장 13L, 1개",21980,100,ml,169,,https://www.coupang.com/vp/products/7196421572?itemId=18180298196&vendorItemId=90044742573,https://thumbnail10.coupangcdn.com/thumbnails/remote/230x230ex/image/vendor_inventory/4772/8edad727e15d04a9b212e92903759ccf556200376e1a3ee450e4011a34c6.png
진간장,2024-08-01 20:10:57,"쉐프원 진간장 13L, 1개",21980,100,ml,169,,https://www.coupang.com/vp/products/7196421572?itemId=18180298196&vendorItemId=90044742573,https://thumbnail10.coupangcdn.com/thumbnails/remote/230x230ex/image/vendor_inventory/4772/8edad727e15d04a9b212e92903759ccf556200376e1a3ee450e4011a34c6.png
진라면,2024-08-01 20:10:58,"오뚜기 진라면 순한맛, 40개",22240,1,개,556,로켓배송,https://www.coupang.com/vp/products/5587102353?itemId=18625876573&vendorItemId=3054766842,https://thumbnail6.coupangcdn.com/thumbnails/remote/230x230ex/image/retail/images/62299814265832-5b179d6e-6ae5-4f8b-acc7-fe8b595d20b2.png
쪽파,2024-08-01 20:10:59,"전라도 무안 황토밭.당일 수확 발송. 흙쪽파 1단 1.5kg 내외 수확 발송, 1개, 전라도 무안 흙쪽파1단 (1.5kg 내외)",16500,100,g,1100,,https://www.coupang.com/vp/products/7759520712?itemId=20921831614&vendorItemId=87988668439,https://thumbnail10.coupangcdn.com/thumbnails/remote/230x230ex/image/vendor_inventory/7c38/826d8c80ced93c124e5c2cc04b2615e9fd7a6f01a1173fc62e8ae96acb59.jpg
참기름,2024-08-01 20:11:01,"오뚜기 옛날 참기름, 500ml, 2개",12960,10,ml,130,로켓배송,https://www.coupang.com/vp/products/7235432441?itemId=3019599468&vendorItemId=84993756491,https://thumbnail6.coupangcdn.com/thumbnails/remote/230x230ex/image/retail/images/23216967116250-75176dd3-1ee2-4a21-91d2-1cc92583c6b8.jpg
참기름 1숟가락,2024-08-01 20:11:02,"오뚜기 일회용 참기름 4.5mlx1000개입(한박스), 4.5ml, 1000개",126430,10,ml,281,,https://www.coupang.com/vp/products/6609931796?itemId=13160438855&vendorItemId=78432075801,https://thumbnail7.coupangcdn.com/thumbnails/remote/230x230ex/image/vendor_inventory/aa9e/922c71b9d6761e660df36466356a7cd7901b1837b476e1a8b7ccfee1a44b.jpg
참깨,2024-08-01 20:11:03,"대구농산 씻어나온 볶은참깨, 2kg, 1통",18980,100,g,949,로켓배송,https://www.coupang.com/vp/products/1667161685?itemId=2840569126&vendorItemId=70829944677,https://thumbnail6.coupangcdn.com/thumbnails/remote/230x230ex/image/retail/images/316782230414351-876ced41-ce45-4dbe-8c7c-94e22c1b506d.jpg
참깨 또는 들깻가루,2024-08-01 20:11:04,"대현상회 국산 볶은참깨 들깨가루 세트, 200g, 2개",30300,,,999999999,,https://www.coupang.com/vp/products/6172304330?itemId=12056687847&vendorItemId=79221150454,https://thumbnail10.coupangcdn.com/thumbnails/remote/230x230ex/image/vendor_inventory/7c04/88fa34a70288bcc472ab0ce7d9491fbc07a00dbae240660afd33ea25d690.jpg
참치 통조림,2024-08-01 20:11:05,"사조참치 살코기 안심따개, 150g, 12개",19500,10,g,108,로켓배송,https://www.coupang.com/vp/products/6858666780?itemId=6143586872&vendorItemId=84994381912,https://thumbnail7.coupangcdn.com/thumbnails/remote/230x230ex/image/retail/images/8448191832891649-610524a6-92ba-496b-9155-ef518d0680de.jpg
참치액,2024-08-01 20:11:06,"사조 참치액, 2.1L, 2개",22700,10,ml,54,로켓배송,https://www.coupang.com/vp/products/8179794047?itemId=20404491435&vendorItemId=85760514037,https://thumbnail9.coupangcdn.com/thumbnails/remote/230x230ex/image/retail/images/1a0edbe1-73fa-44b3-b561-3f6a867703a95018413528174038520.png
찹쌀가루,2024-08-01 20:11:08,"우영식품 찹쌀가루, 1kg, 2개",10920,100,g,546,로켓배송,https://www.coupang.com/vp/products/5334616293?itemId=18797886768&vendorItemId=85928747248,https://thumbnail9.coupangcdn.com/thumbnails/remote/230x230ex/image/retail/images/9ecfaacf-c1fa-4b55-bdb6-5d2a3c9e31c11373962342578945040.png
천일염,2024-08-01 20:11:09,"베트남 천일염 서해 식용 수입 소금 20 kg, 20kg, 1개",18360,100,g,92,로켓배송,https://www.coupang.com/vp/products/7598091427?itemId=20092631837&vendorItemId=87875020025,https://thumbnail7.coupangcdn.com/thumbnails/remote/230x230ex/image/vendor_inventory/32fe/800d5f0d40a1104c3754215f75d62be476b631ce33b7f80c12391baa5f8e.png
청고추,2024-08-01 20:11:10,"맛있게 매운 청양고추, 청양고추(상) 2kg, 1개",15310,100,g,766,,https://www.coupang.com/vp/products/4877639595?itemId=3754188463&vendorItemId=71739309925,https://thumbnail9.coupangcdn.com/thumbnails/remote/230x230ex/image/vendor_inventory/df69/714b2129c797db5fc723d7ab822aa623c9c1434ed4dbd27f9a82602c7ace.jpg
청양고추,2024-08-01 20:11:11,"(채소킹) 국내산 매운 청양고추 저렴하고 싱싱한 (특) A급, 1박스, 10kg",49000,100,g,490,,https://www.coupang.com/vp/products/8219990240?itemId=23623945228&vendorItemId=90649505092,https://thumbnail8.coupangcdn.com/thumbnails/remote/230x230ex/image/vendor_inventory/fd81/97f018b0206c58fc9ab34ea19fc313796a22eba330c8418ad547aaf4aa77.jpg
청양초,2024-08-01 20:11:13,"샘표 연두 청양초, 275ml, 6개",20400,10,ml,124,로켓배송,https://www.coupang.com/vp/products/1439310082?itemId=11281660675&vendorItemId=85068503722,https://thumbnail8.coupangcdn.com/thumbnails/remote/230x230ex/image/retail/images/100992306637588-06f605ef-88a5-466c-bebf-ef46c59c8408.jpg
청주,2024-08-01 20:11:14,[제주] [전국출발] 제주항공 제주도 항공권 특가 항공권 제주 항공권,26800,,,999999999,,https://www.coupang.comhttps://travel.coupang.com/np/products/218096346,https://thumbnail6.coupangcdn.com/thumbnails/remote/230x230ex/image/travel_reactor/travelSeller/common/A00028519/28c88e52-8ece-4d38-8320-7e3b96fc9b48.jpg
청주(1/2큰술),2024-08-01 20:11:15,"청정원 맛술, 830ml, 2개",7160,10,ml,43,로켓배송,https://www.coupang.com/vp/products/5760586837?itemId=1097964916&vendorItemId=84993763617,https://thumbnail9.coupangcdn.com/thumbnails/remote/230x230ex/image/retail/images/37710795549187-05d8def3-1ae7-49c9-951d-8b9d8f912857.png
청주(소주),2024-08-01 20:11:16,"오뚜기 미향, 18L, 1개",27410,10,ml,15,로켓배송,https://www.coupang.com/vp/products/739286?itemId=927892383&vendorItemId=70181061340,https://thumbnail6.coupangcdn.com/thumbnails/remote/230x230ex/image/retail/images/2020/01/21/16/6/64ae3171-7692-4e02-be8b-7bf64d30f881.jpg
청주(정종),2024-08-01 20:11:17,"도화 도자기 사케잔 일본술 도쿠리 청주 정종 물잔, 1개",4400,,,999999999,,https://www.coupang.com/vp/products/8194555642?itemId=23465222594&vendorItemId=90491819802,https://thumbnail10.coupangcdn.com/thumbnails/remote/230x230ex/image/vendor_inventory/7059/0e87ac8233291d8a158eb2ddc8ef6eb4c4e1c664f977ed6d55dfeab15dbf.jpg
청피망,2024-08-01 20:11:18,"<해돋이농산> 국내산 못난이피망 초록피망 청피망 1kg 3kg 5kg 10kg, 1개",24000,100,g,240,,https://www.coupang.com/vp/products/7458108311?itemId=19433206564&vendorItemId=83684706593,https://thumbnail8.coupangcdn.com/thumbnails/remote/230x230ex/image/vendor_inventory/1449/da0e64c2a143d0bcdc055c7db5466ab1f84db4286fc335e1d1f39d2f3f1e.png
청홍피망,2024-08-01 20:11:19,"청피망, 2개입, 5개",8410,1,개,841,로켓배송,https://www.coupang.com/vp/products/4778058370?itemId=19223782012&vendorItemId=86340467743,https://thumbnail10.coupangcdn.com/thumbnails/remote/230x230ex/image/retail/images/686468038234082-8943d103-14c6-40a2-80a6-b40b4ce1426d.jpg
카레가루,2024-08-01 20:11:20,"딜리셔스마켓 커리파우더, 200g, 1개",10700,10,g,535,로켓배송,https://www.coupang.com/vp/products/41579784?itemId=154863793&vendorItemId=3361656340,https://thumbnail7.coupangcdn.com/thumbnails/remote/230x230ex/image/retail/images/4280617613823424-c40d4335-3487-4834-9804-91de81ee1e85.png
커피,2024-08-01 20:11:22,"민생단커피 달달e커피500ml, 24개, 500ml",28500,100,ml,238,,https://www.coupang.com/vp/products/7380793072?itemId=19070827909&vendorItemId=89659046158,https://thumbnail8.coupangcdn.com/thumbnails/remote/230x230ex/image/vendor_inventory/5fb6/8a54ecbc33f23eead9c13a3733c9b1abd4b1bede83011870e6de33bcc060.JPG
케찹,2024-08-01 20:11:23,"오뚜기 오리지널 식당용 케첩 스파우트팩, 3.3kg, 2개",14220,100,g,215,로켓배송,https://www.coupang.com/vp/products/6572877795?itemId=15510803731&vendorItemId=86203378658,https://thumbnail10.coupangcdn.com/thumbnails/remote/230x230ex/image/retail/images/b910b576-b39d-4f05-9746-991c86acac661847616461026598987.png
케첩,2024-08-01 20:11:24,"오뚜기 오리지널 식당용 케첩 스파우트팩, 3.3kg, 1개",7310,100,g,222,로켓배송,https://www.coupang.com/vp/products/6572877795?itemId=20279414658&vendorItemId=3000044037,https://thumbnail6.coupangcdn.com/thumbnails/remote/230x230ex/image/product/image/vendoritem/2016/12/28/3000044037/53b34b22-b8c0-4c57-852b-976de351b7bf.jpg
콩가루,2024-08-01 20:11:25,"성진 인절미 콩가루, 2kg, 3개",31020,100,g,517,로켓배송,https://www.coupang.com/vp/products/1356341622?itemId=18741315469&vendorItemId=85873586997,https://thumbnail8.coupangcdn.com/thumbnails/remote/230x230ex/image/retail/images/b434fd31-8809-4b1f-a98c-0d1f91aa75263521079760163042612.png
콩나물,2024-08-01 20:11:26,"곰곰 곱슬이 콩나물, 3.5kg, 1박스",5340,100,g,153,로켓배송,https://www.coupang.com/vp/products/7830117307?itemId=21294046763&vendorItemId=88353885155,https://thumbnail6.coupangcdn.com/thumbnails/remote/230x230ex/image/retail/images/1813407893794614-4a4bd78d-7c36-498f-97fc-38bea36188c4.jpg
키위,2024-08-01 20:11:28,"키위 (냉동), 1kg, 6개",26690,100,g,445,로켓배송,https://www.coupang.com/vp/products/6596055335?itemId=19272743946&vendorItemId=86387901574,https://thumbnail8.coupangcdn.com/thumbnails/remote/230x230ex/image/retail/images/770299819704122-a1df20bc-8e12-41cb-85ab-f7f6b492f11f.jpg
통깨,2024-08-01 20:11:29,"배대감 볶음참깨, 1kg, 1개",12500,100,g,1250,로켓배송,https://www.coupang.com/vp/products/7764794510?itemId=20947518044&vendorItemId=3000085725,https://thumbnail10.coupangcdn.com/thumbnails/remote/230x230ex/image/retail/images/4436228108493897-31cd9ff6-6b94-4485-99fa-742ca672e504.jpg
통꺠,2024-08-01 20:11:30,"오리지널그레인 볶은 통참깨, 2kg, 2개",35960,100,g,899,로켓배송,https://www.coupang.com/vp/products/7574514650?itemId=19233032907&vendorItemId=86349505484,https://thumbnail9.coupangcdn.com/thumbnails/remote/230x230ex/image/retail/images/766317079654244-52d58aff-85af-4829-838e-88d366360e37.jpg
통마늘,2024-08-01 20:11:31,"국내산 통마늘, 1kg, 1개",8990,100,g,899,로켓배송,https://www.coupang.com/vp/products/4778058371?itemId=6106220612&vendorItemId=73402571305,https://thumbnail7.coupangcdn.com/thumbnails/remote/230x230ex/image/retail/images/69717142730412-7076db93-62fd-46be-9a2b-436bef0d42be.jpg
통삼겹살,2024-08-01 20:11:32,"냉동 삼겹살 돼지고기 통삼겹 원육 5kg, 1개, 삼겹살 원육 랜덤발송",53500,100,g,1070,,https://www.coupang.com/vp/products/6398611459?itemId=13673390795&vendorItemId=80803260245,https://thumbnail6.coupangcdn.com/thumbnails/remote/230x230ex/image/vendor_inventory/cbe1/4a7fa7f117bf52066f1d94376c7d65aa6acd73d53939098fbbe6fba05d36.jpg
통후추,2024-08-01 20:11:34,"푸른빈 통 흑후추, 600g, 1개",10900,10,g,182,,https://www.coupang.com/vp/products/274010252?itemId=864492829&vendorItemId=76822641689,https://thumbnail10.coupangcdn.com/thumbnails/remote/230x230ex/image/vendor_inventory/db93/aebc097b29bba2ac24144f13171fc36a9ebf862e70eebeeb5c288eeae427.jpg
통후추 ,2024-08-01 20:11:34,"푸른빈 통 흑후추, 600g, 1개",10900,10,g,182,,https://www.coupang.com/vp/products/274010252?itemId=864492829&vendorItemId=76822641689,https://thumbnail10.coupangcdn.com/thumbnails/remote/230x230ex/image/vendor_inventory/db93/aebc097b29bba2ac24144f13171fc36a9ebf862e70eebeeb5c288eeae427.jpg
파,2024-08-01 20:11:36,"흙대파, 1kg, 6개",20950,100,g,349,로켓배송,https://www.coupang.com/vp/products/6528172171?itemId=19223677870&vendorItemId=86340363494,https://thumbnail7.coupangcdn.com/thumbnails/remote/230x230ex/image/retail/images/463b68f0-5317-4fd5-b7a9-b7ed7b78e708512557346673727302.png
파 흰대,2024-08-01 20:11:37,"곰곰 국내산 절단대파, 1kg, 1개",5000,100,g,500,로켓배송,https://www.coupang.com/vp/products/5125076034?itemId=5680983034&vendorItemId=72979873793,https://thumbnail9.coupangcdn.com/thumbnails/remote/230x230ex/image/retail/images/4687795846505328-12ad7d4e-ee22-4c30-9116-e11581963ee5.jpg
파프리카,2024-08-01 20:11:38,"[무료배송]제이네식탁 국내산 홍파프리카 5kg, 1박스",17900,100,g,358,,https://www.coupang.com/vp/products/8238434851?itemId=23711128315&vendorItemId=85870034452,https://thumbnail7.coupangcdn.com/thumbnails/remote/230x230ex/image/vendor_inventory/16a9/49b67ef49ffea2ede7ba1989bc62d90b80b1fc5766d92b1b1b76b700bd5c.jpeg
팽이버섯,2024-08-01 20:11:39,"팽이버섯 새벽경매 한박스 5kg 34봉 대용량, 팽이버섯 (17봉) 2.5kg 내외, 17개",11000,100,g,13,,https://www.coupang.com/vp/products/8180368644?itemId=22599028926&vendorItemId=89640696256,https://thumbnail10.coupangcdn.com/thumbnails/remote/230x230ex/image/vendor_inventory/ebfb/6206821b7b7a25bdca3682addcfed314eec7546b053c509ec4909565bd48.jpg
편마늘,2024-08-01 20:11:40,"곰곰 국내산 저민마늘, 200g, 1봉",4490,10,g,225,로켓배송,https://www.coupang.com/vp/products/4778058767?itemId=6106221351&vendorItemId=73402571973,https://thumbnail6.coupangcdn.com/thumbnails/remote/230x230ex/image/retail/images/69605583088721-949ebaed-a7d8-46f0-950a-616e6d65f1ed.jpg
포도씨유,2024-08-01 20:11:41,"해표 포도씨유, 900ml, 5개",31250,100,ml,694,로켓배송,https://www.coupang.com/vp/products/7851799885?itemId=21403262727&vendorItemId=88459857189,https://thumbnail10.coupangcdn.com/thumbnails/remote/230x230ex/image/retail/images/3500274592523146-513874f2-9f94-4d72-a388-081c5db7ec6e.jpg
표고버섯,2024-08-01 20:11:43,"못생겨도 맛있는 표고버섯, 500g, 1개",5990,100,g,1198,로켓배송,https://www.coupang.com/vp/products/6685293178?itemId=15430783161&vendorItemId=82650468916,https://thumbnail7.coupangcdn.com/thumbnails/remote/230x230ex/image/retail/images/3735002313794384-da6dec06-b162-4c1e-8623-97fec49a3a92.jpg
풋고추,2024-08-01 20:11:44,"클릭마켓 특품 오이고추 아삭이고추 풋고추, 1개, 10kg",39800,100,g,398,,https://www.coupang.com/vp/products/8211402445?itemId=23571423508&vendorItemId=90597369561,https://thumbnail10.coupangcdn.com/thumbnails/remote/230x230ex/image/vendor_inventory/07df/96d388d9de75c830ae3a2b7980c9001f6551daeadbc0926547a05b9c5fc2.jpg
피망,2024-08-01 20:11:45,"못생겨도 맛있는 피망, 2개입, 1개",1630,1,개,815,로켓배송,https://www.coupang.com/vp/products/6653956838?itemId=15255605853&vendorItemId=82476264641,https://thumbnail9.coupangcdn.com/thumbnails/remote/230x230ex/image/retail/images/2024778181996957-88de6113-33e4-4572-9f94-1d90c93358bd.jpg
홍고추,2024-08-01 20:11:46,"국내산 홍고추 10kg, 1개",39800,100,g,398,,https://www.coupang.com/vp/products/6659550520?itemId=15282794683&vendorItemId=82503281334,https://thumbnail8.coupangcdn.com/thumbnails/remote/230x230ex/image/vendor_inventory/fb76/8f582aad8976ad77dbc484d7f1c858686f8cdd599ef24305265d3e7dbfd0.jpg
홍초,2024-08-01 20:11:47,"청정원 홍초 100% 자연발효초 사용 석류, 1.8L, 2개",19440,10,ml,54,로켓배송,https://www.coupang.com/vp/products/6650747515?itemId=18040164237&vendorItemId=85194504874,https://thumbnail7.coupangcdn.com/thumbnails/remote/230x230ex/image/retail/images/d269cb36-2838-47e3-bc79-f2aabc48c2d14285980625193835649.png
홍피망,2024-08-01 20:11:48,"청피망 국내산 피망 특품 1kg 2kg 5kg 10kg, 청피망 특품 1kg, 1개",8000,100,g,80,,https://www.coupang.com/vp/products/8106201198?itemId=22946925907&vendorItemId=89981231048,https://thumbnail9.coupangcdn.com/thumbnails/remote/230x230ex/image/vendor_inventory/635a/560457926a2564a0642c6ebb57aff9bc6f6ffcb880432b1f175638ebc2bc.jpeg
황설탕,2024-08-01 20:11:50,"백설 갈색설탕, 3kg, 4개",20970,100,g,175,,https://www.coupang.com/vp/products/8243840004?itemId=17905189012&vendorItemId=85513035408,https://thumbnail8.coupangcdn.com/thumbnails/remote/230x230ex/image/vendor_inventory/3e4d/9dbf16bc42c105efd6d3b271d1f78eec8e4029f85560de5be8e507532e37.jpg
후추,2024-08-01 20:11:51,"청은 신 후추, 1kg, 1개",10200,10,g,102,로켓배송,https://www.coupang.com/vp/products/63429835?itemId=218606737&vendorItemId=3528456968,https://thumbnail7.coupangcdn.com/thumbnails/remote/230x230ex/image/retail/images/2018/02/06/12/9/b39a8342-0013-402d-99b8-e79d74fcb210.jpg
후추가루,2024-08-01 20:11:52,"청은 신 후추, 1kg, 1개",10200,10,g,102,로켓배송,https://www.coupang.com/vp/products/63429835?itemId=218606737&vendorItemId=3528456968,https://thumbnail7.coupangcdn.com/thumbnails/remote/230x230ex/image/retail/images/2018/02/06/12/9/b39a8342-0013-402d-99b8-e79d74fcb210.jpg
후춧가루,2024-08-01 20:11:53,"오뚜기 순후추, 450g, 1개",11200,10,g,249,,https://www.coupang.com/vp/products/7989358358?itemId=21983829994&vendorItemId=89031431425,https://thumbnail6.coupangcdn.com/thumbnails/remote/230x230ex/image/vendor_inventory/2cdb/04bf94c542ebde2f5ff5db637e4e3408ea233f29ce1a36cebe8aef6b0009.jpg
